URL,Version,Status,OIDs,Name,Title,Descriptino,Uses,Used,Sources
http://cts.nlm.nih.gov/fhir/ValueSet/2.16.840.1.113762.1.4.1010.6,20230715,active,"2.16.840.1.113762.1.4.1010.6",CVXVaccinesAdministeredVaccineSet,CVX Vaccines Administered Vaccine Set,"","StructureDefinition/us-core-immunization","hl7.terminology.r5"
http://hl7.org/fhir/ValueSet/immunization-status,4.0.1,draft,"2.16.840.1.113883.4.642.3.295",ImmunizationStatusCodes,Immunization Status Codes,"The value set to instantiate this attribute should be drawn from a terminologically robust code system that consists of or contains concepts to support describing the current status of the administered dose of vaccine.","StructureDefinition/us-core-immunization","hl7.fhir.r4.core"
http://hl7.org/fhir/ValueSet/immunization-status-reason,4.0.1,draft,"2.16.840.1.113883.4.642.3.992",ImmunizationStatusReasonCodes,Immunization Status Reason Codes,"The value set to instantiate this attribute should be drawn from a terminologically robust code system that consists of or contains concepts to support describing the reason why a dose of vaccine was not administered. This value set is provided as a suggestive example.","StructureDefinition/us-core-immunization","THO (V3),SCT"
http://hl7.org/fhir/us/core/ValueSet/us-core-clinical-note-type,0.0.0,active,,USCoreClinicalNoteType,US Core Clinical Note Type,"The US Core Clinical Note Type Value Set is a 'starter set' of types supported for fetching and storing clinical notes.",,"LOINC"
