{
  "resourceType" : "Bundle",
  "id" : "87a7cab3-bf73-4d62-a0d4-56ebff6f620f",
  "meta" : {
    "lastUpdated" : "2024-05-16T01:45:05.015+00:00"
  },
  "type" : "collection",
  "entry" : [{
    "fullUrl" : "http://hl7.org/fhir/us/core/ValueSet/us-core-clinical-note-type",
    "resource" : {
      "resourceType" : "ValueSet",
      "text" : {
        "status" : "generated",
        "div" : "<div xmlns=\"http://www.w3.org/1999/xhtml\"><p style=\"border: black 1px dotted; background-color: #EEEEEE; padding: 8px; margin-bottom: 8px\">Expansion based on Loinc v2.77</p><p>This value set contains 10 concepts.</p><table class=\"codes\"><tr><td style=\"white-space:nowrap\"><b>Code</b></td><td><b>System</b></td><td><b>Display</b></td></tr><tr><td style=\"white-space:nowrap\"><a name=\"http---loinc.org-18842-5\"> </a>\u00a0\u00a0<a href=\"https://loinc.org/18842-5/\">18842-5</a></td><td>http://loinc.org</td><td>Discharge summary</td></tr><tr><td style=\"white-space:nowrap\"><a name=\"http---loinc.org-11488-4\"> </a>\u00a0\u00a0<a href=\"https://loinc.org/11488-4/\">11488-4</a></td><td>http://loinc.org</td><td>Consult note</td></tr><tr><td style=\"white-space:nowrap\"><a name=\"http---loinc.org-34117-2\"> </a>\u00a0\u00a0<a href=\"https://loinc.org/34117-2/\">34117-2</a></td><td>http://loinc.org</td><td>History and physical note</td></tr><tr><td style=\"white-space:nowrap\"><a name=\"http---loinc.org-11506-3\"> </a>\u00a0\u00a0<a href=\"https://loinc.org/11506-3/\">11506-3</a></td><td>http://loinc.org</td><td>Progress note</td></tr><tr><td style=\"white-space:nowrap\"><a name=\"http---loinc.org-28570-0\"> </a>\u00a0\u00a0<a href=\"https://loinc.org/28570-0/\">28570-0</a></td><td>http://loinc.org</td><td>Procedure note</td></tr><tr><td style=\"white-space:nowrap\"><a name=\"http---loinc.org-18748-4\"> </a>\u00a0\u00a0<a href=\"https://loinc.org/18748-4/\">18748-4</a></td><td>http://loinc.org</td><td>Diagnostic imaging study</td></tr><tr><td style=\"white-space:nowrap\"><a name=\"http---loinc.org-11502-2\"> </a>\u00a0\u00a0<a href=\"https://loinc.org/11502-2/\">11502-2</a></td><td>http://loinc.org</td><td>Laboratory report</td></tr><tr><td style=\"white-space:nowrap\"><a name=\"http---loinc.org-11526-1\"> </a>\u00a0\u00a0<a href=\"https://loinc.org/11526-1/\">11526-1</a></td><td>http://loinc.org</td><td>Pathology study</td></tr><tr><td style=\"white-space:nowrap\"><a name=\"http---loinc.org-11504-8\"> </a>\u00a0\u00a0<a href=\"https://loinc.org/11504-8/\">11504-8</a></td><td>http://loinc.org</td><td>Surgical operation note</td></tr><tr><td style=\"white-space:nowrap\"><a name=\"http---loinc.org-34111-5\"> </a>\u00a0\u00a0<a href=\"https://loinc.org/34111-5/\">34111-5</a></td><td>http://loinc.org</td><td>Emergency department Note</td></tr></table></div>"
      },
      "url" : "http://hl7.org/fhir/us/core/ValueSet/us-core-clinical-note-type",
      "version" : "0.0.0",
      "name" : "USCoreClinicalNoteType",
      "title" : "US Core Clinical Note Type",
      "status" : "active",
      "experimental" : false,
      "date" : "2024-05-14",
      "expansion" : {
        "identifier" : "urn:uuid:ec671972-1c39-48d8-8d9f-97cd39a4cdbd",
        "timestamp" : "2024-05-16T01:46:01+00:00",
        "total" : 10,
        "offset" : 0,
        "parameter" : [{
          "name" : "count",
          "valueInteger" : 1000
        },
        {
          "name" : "offset",
          "valueInteger" : 0
        },
        {
          "name" : "excludeNested",
          "valueBoolean" : false
        },
        {
          "name" : "used-valueset",
          "valueUri" : "null"
        },
        {
          "name" : "used-codesystem",
          "valueUri" : "http://loinc.org|2.77"
        },
        {
          "name" : "version",
          "valueUri" : "http://loinc.org|2.77"
        }],
        "contains" : [{
          "system" : "http://loinc.org",
          "code" : "18842-5",
          "display" : "Discharge summary"
        },
        {
          "system" : "http://loinc.org",
          "code" : "11488-4",
          "display" : "Consult note"
        },
        {
          "system" : "http://loinc.org",
          "code" : "34117-2",
          "display" : "History and physical note"
        },
        {
          "system" : "http://loinc.org",
          "code" : "11506-3",
          "display" : "Progress note"
        },
        {
          "system" : "http://loinc.org",
          "code" : "28570-0",
          "display" : "Procedure note"
        },
        {
          "system" : "http://loinc.org",
          "code" : "18748-4",
          "display" : "Diagnostic imaging study"
        },
        {
          "system" : "http://loinc.org",
          "code" : "11502-2",
          "display" : "Laboratory report"
        },
        {
          "system" : "http://loinc.org",
          "code" : "11526-1",
          "display" : "Pathology study"
        },
        {
          "system" : "http://loinc.org",
          "code" : "11504-8",
          "display" : "Surgical operation note"
        },
        {
          "system" : "http://loinc.org",
          "code" : "34111-5",
          "display" : "Emergency department Note"
        }]
      }
    }
  }]
}