{
  "resourceType" : "Bundle",
  "id" : "90c52061-af09-4add-82c5-79d0875d0943",
  "meta" : {
    "lastUpdated" : "2024-08-30T00:19:12.903+00:00"
  },
  "type" : "collection",
  "entry" : [{
    "fullUrl" : "http://hl7.org/fhir/us/core/ValueSet/us-core-adi-finding",
    "resource" : {
      "resourceType" : "ValueSet",
      "text" : {
        "status" : "generated",
        "div" : "<div xmlns=\"http://www.w3.org/1999/xhtml\"><p class=\"res-header-id\"><b>Generated Narrative: ValueSet </b></p><p style=\"border: black 1px dotted; background-color: #EEEEEE; padding: 8px; margin-bottom: 8px\">Expansion based on SNOMED CT United States edition 01-Mar 2024</p><p>This value set contains 4 concepts</p><table class=\"codes\"><tr><td style=\"white-space:nowrap\"><b>Code</b></td><td><b>System</b></td><td><b>Display</b></td></tr><tr><td style=\"white-space:nowrap\"><a name=\"x-http://snomed.info/sct-449891000124104\"> </a>\u00a0\u00a0<a href=\"http://snomed.info/id/449891000124104\">449891000124104</a></td><td>http://snomed.info/sct</td><td>No advance directive (finding)</td></tr><tr><td style=\"white-space:nowrap\"><a name=\"x-http://snomed.info/sct-425392003\"> </a>\u00a0\u00a0<a href=\"http://snomed.info/id/425392003\">425392003</a></td><td>http://snomed.info/sct</td><td>Active advance directive (finding)</td></tr><tr><td style=\"white-space:nowrap\"><a name=\"x-http://snomed.info/sct-304253006\"> </a>\u00a0\u00a0<a href=\"http://snomed.info/id/304253006\">304253006</a></td><td>http://snomed.info/sct</td><td>Not for resuscitation</td></tr><tr><td style=\"white-space:nowrap\"><a name=\"x-http://snomed.info/sct-697978002\"> </a>\u00a0\u00a0<a href=\"http://snomed.info/id/697978002\">697978002</a></td><td>http://snomed.info/sct</td><td>Provider orders for life-sustaining treatment</td></tr></table></div>"
      },
      "url" : "http://hl7.org/fhir/us/core/ValueSet/us-core-adi-finding",
      "version" : "0.0.0",
      "name" : "USCoreADIFinding",
      "title" : "US Core ADI Finding",
      "status" : "active",
      "experimental" : false,
      "date" : "2024-05-30",
      "jurisdiction" : [{
        "coding" : [{
          "system" : "urn:iso:std:iso:3166",
          "code" : "US"
        }]
      }],
      "expansion" : {
        "identifier" : "urn:uuid:7d8e5ed8-93c7-45ab-8a4c-4c1194a49f8d",
        "timestamp" : "2024-08-30T00:20:43+00:00",
        "total" : 4,
        "offset" : 0,
        "parameter" : [{
          "name" : "count",
          "valueInteger" : 1000
        },
        {
          "name" : "offset",
          "valueInteger" : 0
        },
        {
          "name" : "excludeNested",
          "valueBoolean" : false
        },
        {
          "name" : "used-valueset",
          "valueUri" : "null"
        },
        {
          "name" : "used-codesystem",
          "valueUri" : "http://snomed.info/sct|http://snomed.info/sct/731000124108/version/20240301"
        },
        {
          "name" : "version",
          "valueUri" : "http://snomed.info/sct|http://snomed.info/sct/731000124108/version/20240301"
        }],
        "contains" : [{
          "system" : "http://snomed.info/sct",
          "code" : "449891000124104",
          "display" : "No advance directive (finding)"
        },
        {
          "system" : "http://snomed.info/sct",
          "code" : "425392003",
          "display" : "Active advance directive (finding)"
        },
        {
          "system" : "http://snomed.info/sct",
          "code" : "304253006",
          "display" : "Not for resuscitation"
        },
        {
          "system" : "http://snomed.info/sct",
          "code" : "697978002",
          "display" : "Provider orders for life-sustaining treatment"
        }]
      }
    }
  },
  {
    "fullUrl" : "http://hl7.org/fhir/us/core/ValueSet/us-core-clinical-note-type",
    "resource" : {
      "resourceType" : "ValueSet",
      "text" : {
        "status" : "generated",
        "div" : "<div xmlns=\"http://www.w3.org/1999/xhtml\"><p class=\"res-header-id\"><b>Generated Narrative: ValueSet </b></p><p style=\"border: black 1px dotted; background-color: #EEEEEE; padding: 8px; margin-bottom: 8px\">Expansion based on Loinc v2.78</p><p>This value set contains 11 concepts</p><table class=\"codes\"><tr><td style=\"white-space:nowrap\"><b>Code</b></td><td><b>System</b></td><td><b>Display</b></td></tr><tr><td style=\"white-space:nowrap\"><a name=\"x-http://loinc.org-18842-5\"> </a>\u00a0\u00a0<a href=\"https://loinc.org/18842-5/\">18842-5</a></td><td>http://loinc.org</td><td>Discharge summary</td></tr><tr><td style=\"white-space:nowrap\"><a name=\"x-http://loinc.org-11488-4\"> </a>\u00a0\u00a0<a href=\"https://loinc.org/11488-4/\">11488-4</a></td><td>http://loinc.org</td><td>Consult note</td></tr><tr><td style=\"white-space:nowrap\"><a name=\"x-http://loinc.org-34117-2\"> </a>\u00a0\u00a0<a href=\"https://loinc.org/34117-2/\">34117-2</a></td><td>http://loinc.org</td><td>History and physical note</td></tr><tr><td style=\"white-space:nowrap\"><a name=\"x-http://loinc.org-11506-3\"> </a>\u00a0\u00a0<a href=\"https://loinc.org/11506-3/\">11506-3</a></td><td>http://loinc.org</td><td>Progress note</td></tr><tr><td style=\"white-space:nowrap\"><a name=\"x-http://loinc.org-28570-0\"> </a>\u00a0\u00a0<a href=\"https://loinc.org/28570-0/\">28570-0</a></td><td>http://loinc.org</td><td>Procedure note</td></tr><tr><td style=\"white-space:nowrap\"><a name=\"x-http://loinc.org-18748-4\"> </a>\u00a0\u00a0<a href=\"https://loinc.org/18748-4/\">18748-4</a></td><td>http://loinc.org</td><td>Diagnostic imaging study</td></tr><tr><td style=\"white-space:nowrap\"><a name=\"x-http://loinc.org-11502-2\"> </a>\u00a0\u00a0<a href=\"https://loinc.org/11502-2/\">11502-2</a></td><td>http://loinc.org</td><td>Laboratory report</td></tr><tr><td style=\"white-space:nowrap\"><a name=\"x-http://loinc.org-11526-1\"> </a>\u00a0\u00a0<a href=\"https://loinc.org/11526-1/\">11526-1</a></td><td>http://loinc.org</td><td>Pathology study</td></tr><tr><td style=\"white-space:nowrap\"><a name=\"x-http://loinc.org-11504-8\"> </a>\u00a0\u00a0<a href=\"https://loinc.org/11504-8/\">11504-8</a></td><td>http://loinc.org</td><td>Surgical operation note</td></tr><tr><td style=\"white-space:nowrap\"><a name=\"x-http://loinc.org-34111-5\"> </a>\u00a0\u00a0<a href=\"https://loinc.org/34111-5/\">34111-5</a></td><td>http://loinc.org</td><td>Emergency department Note</td></tr><tr><td style=\"white-space:nowrap\"><a name=\"x-http://loinc.org-42348-3\"> </a>\u00a0\u00a0<a href=\"https://loinc.org/42348-3/\">42348-3</a></td><td>http://loinc.org</td><td>Advance directives</td></tr></table></div>"
      },
      "url" : "http://hl7.org/fhir/us/core/ValueSet/us-core-clinical-note-type",
      "version" : "0.0.0",
      "name" : "USCoreClinicalNoteType",
      "title" : "US Core Clinical Note Type",
      "status" : "active",
      "experimental" : false,
      "date" : "2024-05-14",
      "jurisdiction" : [{
        "coding" : [{
          "system" : "urn:iso:std:iso:3166",
          "code" : "US"
        }]
      }],
      "expansion" : {
        "identifier" : "urn:uuid:32ce39f9-d774-49cf-97a1-97c4c5beeb06",
        "timestamp" : "2024-08-30T00:20:46+00:00",
        "total" : 11,
        "offset" : 0,
        "parameter" : [{
          "name" : "count",
          "valueInteger" : 1000
        },
        {
          "name" : "offset",
          "valueInteger" : 0
        },
        {
          "name" : "excludeNested",
          "valueBoolean" : false
        },
        {
          "name" : "used-valueset",
          "valueUri" : "null"
        },
        {
          "name" : "used-codesystem",
          "valueUri" : "http://loinc.org|2.78"
        },
        {
          "name" : "version",
          "valueUri" : "http://loinc.org|2.78"
        }],
        "contains" : [{
          "system" : "http://loinc.org",
          "code" : "18842-5",
          "display" : "Discharge summary"
        },
        {
          "system" : "http://loinc.org",
          "code" : "11488-4",
          "display" : "Consult note"
        },
        {
          "system" : "http://loinc.org",
          "code" : "34117-2",
          "display" : "History and physical note"
        },
        {
          "system" : "http://loinc.org",
          "code" : "11506-3",
          "display" : "Progress note"
        },
        {
          "system" : "http://loinc.org",
          "code" : "28570-0",
          "display" : "Procedure note"
        },
        {
          "system" : "http://loinc.org",
          "code" : "18748-4",
          "display" : "Diagnostic imaging study"
        },
        {
          "system" : "http://loinc.org",
          "code" : "11502-2",
          "display" : "Laboratory report"
        },
        {
          "system" : "http://loinc.org",
          "code" : "11526-1",
          "display" : "Pathology study"
        },
        {
          "system" : "http://loinc.org",
          "code" : "11504-8",
          "display" : "Surgical operation note"
        },
        {
          "system" : "http://loinc.org",
          "code" : "34111-5",
          "display" : "Emergency department Note"
        },
        {
          "system" : "http://loinc.org",
          "code" : "42348-3",
          "display" : "Advance directives"
        }]
      }
    }
  },
  {
    "fullUrl" : "http://www.fhir.org/guides/uscdi5-sandbox/ValueSet/foo-bar",
    "resource" : {
      "resourceType" : "ValueSet",
      "text" : {
        "status" : "generated",
        "div" : "<div xmlns=\"http://www.w3.org/1999/xhtml\"><p class=\"res-header-id\"><b>Generated Narrative: ValueSet </b></p><p style=\"border: black 1px dotted; background-color: #EEEEEE; padding: 8px; margin-bottom: 8px\">Expansion based on <a href=\"CodeSystem-foo-bar.html\">codesystem Foo Bar Test Code System v0.0.0 (CodeSystem)</a></p><p>This value set contains 2 concepts</p><table class=\"codes\"><tr><td style=\"white-space:nowrap\"><b>Code</b></td><td><b>System</b></td><td><b>Display</b></td><td><b>Definition</b></td></tr><tr><td style=\"white-space:nowrap\"><a name=\"x-http://www.fhir.org/guides/uscdi5-sandbox/CodeSystem/foo-bar-foo\"> </a>\u00a0\u00a0<a href=\"CodeSystem-foo-bar.html#foo-bar-foo\">foo</a></td><td>http://www.fhir.org/guides/uscdi5-sandbox/CodeSystem/foo-bar</td><td>foo</td><td><div><p>Foo</p>\n</div></td></tr><tr><td style=\"white-space:nowrap\"><a name=\"x-http://www.fhir.org/guides/uscdi5-sandbox/CodeSystem/foo-bar-bar\"> </a>\u00a0\u00a0<a href=\"CodeSystem-foo-bar.html#foo-bar-bar\">bar</a></td><td>http://www.fhir.org/guides/uscdi5-sandbox/CodeSystem/foo-bar</td><td>bar</td><td><div><p>Bar</p>\n</div></td></tr></table></div>"
      },
      "url" : "http://www.fhir.org/guides/uscdi5-sandbox/ValueSet/foo-bar",
      "version" : "0.0.0",
      "name" : "FooBar",
      "title" : "Foo Bar Test Value Set",
      "status" : "active",
      "experimental" : true,
      "date" : "2024-07-25",
      "jurisdiction" : [{
        "coding" : [{
          "system" : "urn:iso:std:iso:3166",
          "code" : "US"
        }]
      }],
      "expansion" : {
        "identifier" : "urn:uuid:0afbb611-e8d6-47f0-9c56-556f74eb0fc6",
        "timestamp" : "2024-08-30T00:20:49+00:00",
        "total" : 2,
        "offset" : 0,
        "parameter" : [{
          "name" : "count",
          "valueInteger" : 1000
        },
        {
          "name" : "offset",
          "valueInteger" : 0
        },
        {
          "name" : "excludeNested",
          "valueBoolean" : false
        },
        {
          "name" : "used-codesystem",
          "valueUri" : "http://www.fhir.org/guides/uscdi5-sandbox/CodeSystem/foo-bar|0.0.0"
        }],
        "contains" : [{
          "system" : "http://www.fhir.org/guides/uscdi5-sandbox/CodeSystem/foo-bar",
          "code" : "foo",
          "display" : "foo"
        },
        {
          "system" : "http://www.fhir.org/guides/uscdi5-sandbox/CodeSystem/foo-bar",
          "code" : "bar",
          "display" : "bar"
        }]
      }
    }
  }]
}