<?xml version="1.0" encoding="UTF-8"?>

<Bundle xmlns="http://hl7.org/fhir">
  <id value="91d4b862-d96d-4d14-9d10-6932b6b94d07"/>
  <meta>
    <lastUpdated value="2024-05-16T14:04:47.054+00:00"/>
  </meta>
  <type value="collection"/>
  <entry>
    <fullUrl value="http://hl7.org/fhir/us/core/ValueSet/us-core-clinical-note-type"/>
    <resource>
      <ValueSet>
        <text>
          <status value="generated"/>
          <div xmlns="http://www.w3.org/1999/xhtml">
            <p style="border: black 1px dotted; background-color: #EEEEEE; padding: 8px; margin-bottom: 8px">Expansion based on Loinc v2.77</p>
            <p>This value set contains 10 concepts.</p>
            <table class="codes">
              <tr>
                <td style="white-space:nowrap">
                  <b>Code</b>
                </td>
                <td>
                  <b>System</b>
                </td>
                <td>
                  <b>Display</b>
                </td>
              </tr>
              <tr>
                <td style="white-space:nowrap">
                  <a name="http---loinc.org-18842-5"> </a>  
                  <a href="https://loinc.org/18842-5/">18842-5</a>
                </td>
                <td>http://loinc.org</td>
                <td>Discharge summary</td>
              </tr>
              <tr>
                <td style="white-space:nowrap">
                  <a name="http---loinc.org-11488-4"> </a>  
                  <a href="https://loinc.org/11488-4/">11488-4</a>
                </td>
                <td>http://loinc.org</td>
                <td>Consult note</td>
              </tr>
              <tr>
                <td style="white-space:nowrap">
                  <a name="http---loinc.org-34117-2"> </a>  
                  <a href="https://loinc.org/34117-2/">34117-2</a>
                </td>
                <td>http://loinc.org</td>
                <td>History and physical note</td>
              </tr>
              <tr>
                <td style="white-space:nowrap">
                  <a name="http---loinc.org-11506-3"> </a>  
                  <a href="https://loinc.org/11506-3/">11506-3</a>
                </td>
                <td>http://loinc.org</td>
                <td>Progress note</td>
              </tr>
              <tr>
                <td style="white-space:nowrap">
                  <a name="http---loinc.org-28570-0"> </a>  
                  <a href="https://loinc.org/28570-0/">28570-0</a>
                </td>
                <td>http://loinc.org</td>
                <td>Procedure note</td>
              </tr>
              <tr>
                <td style="white-space:nowrap">
                  <a name="http---loinc.org-18748-4"> </a>  
                  <a href="https://loinc.org/18748-4/">18748-4</a>
                </td>
                <td>http://loinc.org</td>
                <td>Diagnostic imaging study</td>
              </tr>
              <tr>
                <td style="white-space:nowrap">
                  <a name="http---loinc.org-11502-2"> </a>  
                  <a href="https://loinc.org/11502-2/">11502-2</a>
                </td>
                <td>http://loinc.org</td>
                <td>Laboratory report</td>
              </tr>
              <tr>
                <td style="white-space:nowrap">
                  <a name="http---loinc.org-11526-1"> </a>  
                  <a href="https://loinc.org/11526-1/">11526-1</a>
                </td>
                <td>http://loinc.org</td>
                <td>Pathology study</td>
              </tr>
              <tr>
                <td style="white-space:nowrap">
                  <a name="http---loinc.org-11504-8"> </a>  
                  <a href="https://loinc.org/11504-8/">11504-8</a>
                </td>
                <td>http://loinc.org</td>
                <td>Surgical operation note</td>
              </tr>
              <tr>
                <td style="white-space:nowrap">
                  <a name="http---loinc.org-34111-5"> </a>  
                  <a href="https://loinc.org/34111-5/">34111-5</a>
                </td>
                <td>http://loinc.org</td>
                <td>Emergency department Note</td>
              </tr>
            </table>
          </div>
        </text>
        <url value="http://hl7.org/fhir/us/core/ValueSet/us-core-clinical-note-type"/>
        <version value="0.0.0"/>
        <name value="USCoreClinicalNoteType"/>
        <title value="US Core Clinical Note Type"/>
        <status value="active"/>
        <experimental value="false"/>
        <date value="2024-05-14"/>
        <expansion>
          <identifier value="urn:uuid:0ae3137a-c8a3-4c48-bbf3-711ccec715d6"/>
          <timestamp value="2024-05-16T14:05:43+00:00"/>
          <total value="10"/>
          <offset value="0"/>
          <parameter>
            <name value="count"/>
            <valueInteger value="1000"/>
          </parameter>
          <parameter>
            <name value="offset"/>
            <valueInteger value="0"/>
          </parameter>
          <parameter>
            <name value="excludeNested"/>
            <valueBoolean value="false"/>
          </parameter>
          <parameter>
            <name value="used-valueset"/>
            <valueUri value="null"/>
          </parameter>
          <parameter>
            <name value="used-codesystem"/>
            <valueUri value="http://loinc.org|2.77"/>
          </parameter>
          <parameter>
            <name value="version"/>
            <valueUri value="http://loinc.org|2.77"/>
          </parameter>
          <contains>
            <system value="http://loinc.org"/>
            <code value="18842-5"/>
            <display value="Discharge summary"/>
          </contains>
          <contains>
            <system value="http://loinc.org"/>
            <code value="11488-4"/>
            <display value="Consult note"/>
          </contains>
          <contains>
            <system value="http://loinc.org"/>
            <code value="34117-2"/>
            <display value="History and physical note"/>
          </contains>
          <contains>
            <system value="http://loinc.org"/>
            <code value="11506-3"/>
            <display value="Progress note"/>
          </contains>
          <contains>
            <system value="http://loinc.org"/>
            <code value="28570-0"/>
            <display value="Procedure note"/>
          </contains>
          <contains>
            <system value="http://loinc.org"/>
            <code value="18748-4"/>
            <display value="Diagnostic imaging study"/>
          </contains>
          <contains>
            <system value="http://loinc.org"/>
            <code value="11502-2"/>
            <display value="Laboratory report"/>
          </contains>
          <contains>
            <system value="http://loinc.org"/>
            <code value="11526-1"/>
            <display value="Pathology study"/>
          </contains>
          <contains>
            <system value="http://loinc.org"/>
            <code value="11504-8"/>
            <display value="Surgical operation note"/>
          </contains>
          <contains>
            <system value="http://loinc.org"/>
            <code value="34111-5"/>
            <display value="Emergency department Note"/>
          </contains>
        </expansion>
      </ValueSet>
    </resource>
  </entry>
</Bundle>