<?xml version="1.0" encoding="UTF-8"?>

<Encounter xmlns="http://hl7.org/fhir">
  <id value="example-1"/>
  <meta>
    <extension url="http://hl7.org/fhir/StructureDefinition/instance-name">
      <valueString value="Encounter 1 Example"/>
    </extension>
    <extension url="http://hl7.org/fhir/StructureDefinition/instance-description">
      <valueMarkdown value="This is a encounter 1 example for the *US Core Encounter Profile*."/>
    </extension>
    <lastUpdated value="2024-01-28T16:06:21-08:00"/>
    <profile value="http://hl7.org/fhir/us/core/StructureDefinition/us-core-encounter"/>
  </meta>
  <text>
    <status value="extensions"/><div xmlns="http://www.w3.org/1999/xhtml"><p class="res-header-id"><b>Generated Narrative: Encounter example-1</b></p><a name="example-1"> </a><a name="hcexample-1"> </a><a name="example-1-en-US"> </a><div style="display: inline-block; background-color: #d9e0e7; padding: 6px; margin: 4px; border: 1px solid #8da1b4; border-radius: 5px; line-height: 60%"><p style="margin-bottom: 0px">Last updated: 2024-01-28 16:06:21-0800</p><p style="margin-bottom: 0px">Profile: <a href="http://hl7.org/fhir/us/core/STU7/StructureDefinition-us-core-encounter.html">US Core Encounter Profile</a></p></div><p><b>US Core Interpreter Required Extension</b>: <a href="http://snomed.info/id/373066001">SNOMED CT 373066001</a>: Yes (qualifier value)</p><p><b>status</b>: Finished</p><p><b>class</b>: <a href="http://terminology.hl7.org/5.5.0/CodeSystem-v3-ActCode.html#v3-ActCode-AMB">ActCode AMB</a>: ambulatory</p><p><b>type</b>: <span title="Codes:{http://www.ama-assn.org/go/cpt 99211}">Office Visit</span></p><p><b>subject</b>: <a href="Patient-example.html">Amy V. Baxter  Female, DoB: 1987-02-20 ( Medical Record Number: 1032702 (use: usual, ))</a></p><p><b>period</b>: 2015-11-01 17:00:14-0500 --&gt; 2015-11-01 18:00:14-0500</p><h3>Locations</h3><table class="grid"><tr><td style="display: none">-</td><td><b>Location</b></td></tr><tr><td style="display: none">*</td><td><a href="https://simplifier.net/resolve?scope=hl7.fhir.us.core.3.1.1@3.1.1&amp;canonical=http://hl7.org/fhir/us/core/Location/hospital">Holy Family Hospital</a></td></tr></table></div>
  </text>
  <extension url="http://hl7.org/fhir/us/uscdi5-sandbox/StructureDefinition/us-core-interpreter-required">
    <valueCoding>
      <system value="http://snomed.info/sct"/>
      <code value="373066001"/>
    </valueCoding>
  </extension>
  <status value="finished"/>
  <class>
    <system value="http://terminology.hl7.org/CodeSystem/v3-ActCode"/>
    <code value="AMB"/>
    <display value="ambulatory"/>
  </class>
  <type>
    <coding>
      <system value="http://www.ama-assn.org/go/cpt"/>
      <code value="99211"/>
    </coding>
    <text value="Office Visit"/>
  </type>
  <subject>
    <reference value="Patient/example"/>
  </subject>
  <period>
    <start value="2015-11-01T17:00:14-05:00"/>
    <end value="2015-11-01T18:00:14-05:00"/>
  </period>
  <location>
    <location>
      <reference value="Location/hospital"/>
      <display value="Holy Family Hospital"/>
    </location>
  </location>
</Encounter>