<?xml version="1.0" encoding="UTF-8"?>

<MedicationRequest xmlns="http://hl7.org/fhir">
  <id value="medicationrequest-coded-oral-axid"/>
  <meta>
    <extension url="http://hl7.org/fhir/StructureDefinition/instance-name">
      <valueString value="MedicationRequest Coded Oral Axid Example"/>
    </extension>
    <extension url="http://hl7.org/fhir/StructureDefinition/instance-description">
      <valueMarkdown value="This is an prescribed oral solution example for the *US Core MedicationRequest Profile*.  It represents the medication and reason using codes."/>
    </extension>
    <profile value="http://hl7.org/fhir/us/core/StructureDefinition/us-core-medicationrequest"/>
  </meta>
  <text>
    <status value="generated"/><div xmlns="http://www.w3.org/1999/xhtml"><p class="res-header-id"><b>Generated Narrative: MedicationRequest medicationrequest-coded-oral-axid</b></p><a name="medicationrequest-coded-oral-axid"> </a><a name="hcmedicationrequest-coded-oral-axid"> </a><a name="medicationrequest-coded-oral-axid-en-US"> </a><p><b>status</b>: Active</p><p><b>intent</b>: Order</p><p><b>medication</b>: <span title="Codes:{http://www.nlm.nih.gov/research/umls/rxnorm 476872}">Nizatidine 15 MG/ML Oral Solution</span></p><p><b>subject</b>: <a href="Patient-example.html">Amy Shaw</a></p><p><b>authoredOn</b>: 2008-04-05</p><p><b>requester</b>: <a href="http://hl7.org/fhir/us/core/STU7/Practitioner-practitioner-1.html">Ronald Bone, MD</a></p><p><b>reasonCode</b>: <span title="Codes:{http://snomed.info/sct 51868009}">Active Duodenal Ulcer</span></p><blockquote><p><b>dosageInstruction</b></p></blockquote><blockquote><p><b>dispenseRequest</b></p><p><b>numberOfRepeatsAllowed</b>: 1</p><p><b>quantity</b>: 480 mL<span style="background: LightGoldenRodYellow"> (Details: UCUM  codemL = 'mL')</span></p><h3>ExpectedSupplyDurations</h3><table class="grid"><tr><td style="display: none">-</td><td><b>Value</b></td><td><b>Unit</b></td><td><b>System</b></td><td><b>Code</b></td></tr><tr><td style="display: none">*</td><td>30</td><td>days</td><td><a href="http://terminology.hl7.org/6.0.2/CodeSystem-v3-ucum.html">http://unitsofmeasure.org</a></td><td>d</td></tr></table></blockquote></div>
  </text>
  <extension url="http://hl7.org/fhir/us/core/StructureDefinition/us-core-medication-adherence">
    <extension url="medicationAdherence">
      <valueCodeableConcept>
        <coding>
          <system value="http://snomed.info/sct"/>
          <code value="275928001"/>
          <display value="Drugs - partial non-compliance (finding)"/>
        </coding>
      </valueCodeableConcept>
    </extension>
    <extension url="dateAsserted">
      <valueDateTime value="2023-08-11T08:15:49.449Z"/>
    </extension>
    <extension url="informationSource">
      <valueCodeableConcept>
        <coding>
          <system value="http://snomed.info/sct"/>
          <code value="116154003"/>
          <display value="Patient (person)"/>
        </coding>
      </valueCodeableConcept>
    </extension>
    <extension url="informationSource">
      <valueCodeableConcept>
        <coding>
          <system value="https://www.cdc.gov/nhsn/cdaportal/terminology/codesystem/hsloc.html"/>
          <code value="1179-1"/>
          <display value="Pharmacy"/>
        </coding>
      </valueCodeableConcept>
    </extension>
  </extension>
  <status value="active"/>
  <intent value="order"/>
  <medicationCodeableConcept>
    <coding>
      <system value="http://www.nlm.nih.gov/research/umls/rxnorm"/>
      <code value="476872"/>
      <display value="Nizatidine 15 MG/ML Oral Solution"/>
    </coding>
    <text value="Nizatidine 15 MG/ML Oral Solution"/>
  </medicationCodeableConcept>
  <subject>
    <reference value="Patient/example"/>
    <display value="Amy Shaw"/>
  </subject>
  <authoredOn value="2008-04-05"/>
  <requester>
    <reference value="Practitioner/practitioner-1"/>
    <display value="Ronald Bone, MD"/>
  </requester>
  <reasonCode>
    <coding>
      <system value="http://snomed.info/sct"/>
      <version value="http://snomed.info/sct/731000124108"/>
      <code value="51868009"/>
      <display value="Ulcer of duodenum (disorder)"/>
    </coding>
    <text value="Active Duodenal Ulcer"/>
  </reasonCode>
  <dosageInstruction>
    <text value="10 mL bid"/>
    <timing>
      <repeat>
        <boundsPeriod>
          <start value="2008-04-05"/>
        </boundsPeriod>
        <frequency value="2"/>
        <period value="1"/>
        <periodUnit value="d"/>
      </repeat>
    </timing>
    <route>
      <coding>
        <system value="http://snomed.info/sct"/>
        <code value="26643006"/>
        <display value="Oral route"/>
      </coding>
    </route>
    <doseAndRate>
      <doseQuantity>
        <value value="10"/>
        <unit value="ml"/>
        <system value="http://unitsofmeasure.org"/>
        <code value="mL"/>
      </doseQuantity>
    </doseAndRate>
  </dosageInstruction>
  <dispenseRequest>
    <numberOfRepeatsAllowed value="1"/>
    <quantity>
      <value value="480"/>
      <unit value="mL"/>
      <system value="http://unitsofmeasure.org"/>
      <code value="mL"/>
    </quantity>
    <expectedSupplyDuration>
      <value value="30"/>
      <unit value="days"/>
      <system value="http://unitsofmeasure.org"/>
      <code value="d"/>
    </expectedSupplyDuration>
  </dispenseRequest>
</MedicationRequest>