<?xml version="1.0" encoding="UTF-8"?>

<Observation xmlns="http://hl7.org/fhir">
  <id value="ADI-example"/>
  <meta>
    <extension url="http://hl7.org/fhir/StructureDefinition/instance-name">
      <valueString value="ADI Observation Example"/>
    </extension>
    <extension url="http://hl7.org/fhir/StructureDefinition/instance-description">
      <valueMarkdown value="This is a Observation example for the USCDI5 ADI Observation Data Element"/>
    </extension>
    <profile value="http://hl7.org/fhir/us/core/StructureDefinition/us-core-observation-adi-documentation"/>
  </meta>
  <text>
    <status value="generated"/><div xmlns="http://www.w3.org/1999/xhtml"><p class="res-header-id"><b>Generated Narrative: Observation ADI-example</b></p><a name="ADI-example"> </a><a name="hcADI-example"> </a><a name="ADI-example-en-US"> </a><p><b>status</b>: Final</p><p><b>code</b>: <span title="Codes:{http://loinc.org 42348-3}">Advance directives</span></p><p><b>subject</b>: <a href="Patient-example.html">Amy V. Baxter  Female, DoB: 1987-02-20 ( Medical Record Number: 1032702 (use: usual, ))</a></p><p><b>focus</b>: <a href="DocumentReference-example-patient-adi.html">Person-Authored Advance Directive</a></p><p><b>effective</b>: 2024-05-16 01:06:06+0000</p><p><b>performer</b>: <a href="Patient-example.html">Amy V. Baxter  Female, DoB: 1987-02-20 ( Medical Record Number: 1032702 (use: usual, ))</a></p><p><b>value</b>: <span title="Codes:{http://snomed.info/sct 425392003}">Active advance directive (finding)</span></p></div>
  </text>
  <status value="final"/>
  <code>
    <coding>
      <system value="http://loinc.org"/>
      <code value="42348-3"/>
      <display value="Advance directives"/>
    </coding>
  </code>
  <subject>
    <reference value="Patient/example"/>
  </subject>
  <focus>
    <reference value="DocumentReference/example-patient-adi"/>
    <display value="Person-Authored Advance Directive"/>
  </focus>
  <effectiveDateTime value="2024-05-16T01:06:06.393000+00:00"/>
  <performer>
    <reference value="Patient/example"/>
  </performer>
  <valueCodeableConcept>
    <coding>
      <system value="http://snomed.info/sct"/>
      <code value="425392003"/>
      <display value="Active advance directive (finding)"/>
    </coding>
  </valueCodeableConcept>
</Observation>