{
  "resourceType" : "ValueSet",
  "id" : "68a156ce-9d6b-4f83-a28b-22826665893d-14",
  "url" : "http://hl7.org/fhir/comparison/ValueSet/68a156ce-9d6b-4f83-a28b-22826665893d-14",
  "name" : "UnionVitalSignResultTypeAndLOINCCodes",
  "title" : "Union of Vital Sign Result Type And LOINC Codes",
  "status" : "active",
  "date" : "2024-10-09T04:26:53+00:00",
  "jurisdiction" : [{
    "coding" : [{
      "system" : "urn:iso:std:iso:3166",
      "code" : "US"
    }]
  }],
  "compose" : {
    "include" : [{
      "concept" : [{
        "code" : "2708-6",
        "display" : "Oxygen saturation in Arterial blood"
      },
      {
        "code" : "29463-7",
        "display" : "Body weight"
      },
      {
        "code" : "3140-1",
        "display" : "Body surface area Derived from formula"
      },
      {
        "code" : "3150-0",
        "display" : "Inhaled oxygen concentration"
      },
      {
        "code" : "3151-8",
        "display" : "Inhaled oxygen flow rate"
      },
      {
        "code" : "39156-5",
        "display" : "Body mass index (BMI) [Ratio]"
      },
      {
        "code" : "59408-5",
        "display" : "Oxygen saturation in Arterial blood by Pulse oximetry"
      },
      {
        "code" : "59575-1",
        "display" : "Body mass index (BMI) [Percentile] Per age"
      },
      {
        "code" : "59576-9",
        "display" : "Body mass index (BMI) [Percentile] Per age and sex"
      },
      {
        "code" : "77606-2",
        "display" : "Weight-for-length Per age and sex"
      },
      {
        "code" : "8287-5",
        "display" : "Head Occipital-frontal circumference by Tape measure"
      },
      {
        "code" : "8289-1",
        "display" : "Head Occipital-frontal circumference Percentile"
      },
      {
        "code" : "8302-2",
        "display" : "Body height"
      },
      {
        "code" : "8306-3",
        "display" : "Body height --lying"
      },
      {
        "code" : "8310-5",
        "display" : "Body temperature"
      },
      {
        "code" : "8462-4",
        "display" : "Diastolic blood pressure"
      },
      {
        "code" : "8478-0",
        "display" : "Mean blood pressure"
      },
      {
        "code" : "8480-6",
        "display" : "Systolic blood pressure"
      },
      {
        "code" : "8867-4",
        "display" : "Heart rate"
      },
      {
        "code" : "9279-1",
        "display" : "Respiratory rate"
      },
      {
        "code" : "9843-4",
        "display" : "Head Occipital-frontal circumference"
      }]
    }]
  }
}