{
  "resourceType" : "ValueSet",
  "id" : "1b2fa6dd-6fbc-4ccc-9bd4-dfb4b3704e2a-89",
  "url" : "http://hl7.org/fhir/comparison/ValueSet/1b2fa6dd-6fbc-4ccc-9bd4-dfb4b3704e2a-89",
  "name" : "UnionSmokingStatusTypeAndLOINCCodes",
  "title" : "Union of Smoking Status Type And LOINC Codes",
  "status" : "active",
  "date" : "2024-11-12T19:08:35+00:00",
  "jurisdiction" : [{
    "coding" : [{
      "system" : "urn:iso:std:iso:3166",
      "code" : "US"
    }]
  }],
  "compose" : {
    "include" : [{
      "valueSet" : ["http://cts.nlm.nih.gov/fhir/ValueSet/2.16.840.1.113762.1.4.1267.4"]
    },
    {
      "valueSet" : ["http://cts.nlm.nih.gov/fhir/ValueSet/2.16.840.1.113762.1.4.1267.5"]
    },
    {
      "system" : "http://loinc.org"
    }]
  }
}