{
  "resourceType" : "ValueSet",
  "id" : "278ad6e7-1ae5-4548-a5a4-99aba774d708-86",
  "url" : "http://hl7.org/fhir/comparison/ValueSet/278ad6e7-1ae5-4548-a5a4-99aba774d708-86",
  "name" : "UnionUSCoreObservationSmokingStatusStatusAndObservationStatus",
  "title" : "Union of US Core Status for Smoking Status Observation And ObservationStatus",
  "status" : "active",
  "date" : "2024-11-05T23:35:01+00:00",
  "jurisdiction" : [{
    "coding" : [{
      "system" : "urn:iso:std:iso:3166",
      "code" : "US"
    }]
  }],
  "compose" : {
    "include" : [{
      "concept" : [{
        "code" : "final"
      },
      {
        "code" : "entered-in-error"
      }]
    }]
  }
}