{
  "resourceType" : "ValueSet",
  "id" : "68a156ce-9d6b-4f83-a28b-22826665893d-95",
  "url" : "http://hl7.org/fhir/comparison/ValueSet/68a156ce-9d6b-4f83-a28b-22826665893d-95",
  "name" : "UnionVitalSignsUnitsAndYesNoUnknownNotAsked",
  "title" : "Union of Vital Signs Units And Yes No Unknown NotAsked",
  "status" : "draft",
  "date" : "2024-10-09T04:26:54+00:00",
  "compose" : {
    "include" : [{
      "concept" : [{
        "code" : "%",
        "display" : "percent"
      },
      {
        "code" : "cm",
        "display" : "centimeter"
      },
      {
        "code" : "[in_i]",
        "display" : "inch (international)"
      },
      {
        "code" : "kg",
        "display" : "kilogram"
      },
      {
        "code" : "g",
        "display" : "gram"
      },
      {
        "code" : "[lb_av]",
        "display" : "pound (US and British)"
      },
      {
        "code" : "Cel",
        "display" : "degree Celsius"
      },
      {
        "code" : "[degF]",
        "display" : "degree Fahrenheit"
      },
      {
        "code" : "mm[Hg]",
        "display" : "millimeter of mercury"
      },
      {
        "code" : "/min",
        "display" : "per minute"
      },
      {
        "code" : "kg/m2",
        "display" : "kilogram / (meter ^ 2)"
      },
      {
        "code" : "m2",
        "display" : "square meter"
      },
      {
        "code" : "Y",
        "display" : "Yes"
      },
      {
        "code" : "N",
        "display" : "No"
      },
      {
        "code" : "ASKU",
        "display" : "Unknown"
      },
      {
        "code" : "NASK",
        "display" : "Not Asked"
      }]
    }]
  }
}