{
  "resourceType" : "ValueSet",
  "id" : "a0b1591f-b764-4395-b3b4-24b9ec5feb5b-83",
  "url" : "http://hl7.org/fhir/comparison/ValueSet/a0b1591f-b764-4395-b3b4-24b9ec5feb5b-83",
  "name" : "UnionUSCoreObservationSmokingStatusStatusAndObservationStatus",
  "title" : "Union of US Core Status for Smoking Status Observation And ObservationStatus",
  "status" : "active",
  "date" : "2024-08-19T07:13:09+00:00",
  "jurisdiction" : [{
    "coding" : [{
      "system" : "urn:iso:std:iso:3166",
      "code" : "US"
    }]
  }],
  "compose" : {
    "include" : [{
      "concept" : [{
        "code" : "final"
      },
      {
        "code" : "entered-in-error"
      }]
    }]
  }
}