{
  "resourceType" : "ValueSet",
  "id" : "e02b125e-9400-4bb5-a407-6319948bfc85-80",
  "url" : "http://hl7.org/fhir/comparison/ValueSet/e02b125e-9400-4bb5-a407-6319948bfc85-80",
  "name" : "UnionUSCoreObservationSmokingStatusStatusAndObservationStatus",
  "title" : "Union of US Core Status for Smoking Status Observation And ObservationStatus",
  "status" : "active",
  "date" : "2024-08-27T18:11:41+00:00",
  "jurisdiction" : [{
    "coding" : [{
      "system" : "urn:iso:std:iso:3166",
      "code" : "US"
    }]
  }],
  "compose" : {
    "include" : [{
      "concept" : [{
        "code" : "final"
      },
      {
        "code" : "entered-in-error"
      }]
    }]
  }
}