{
  "resourceType" : "ValueSet",
  "id" : "1586a77f-5a10-48d6-8d71-641154286bae-8",
  "url" : "http://hl7.org/fhir/comparison/ValueSet/1586a77f-5a10-48d6-8d71-641154286bae-8",
  "name" : "UnionVitalSignsUnitsAndUSCoreADIFinding",
  "title" : "Union of Vital Signs Units And US Core ADI Finding",
  "status" : "draft",
  "date" : "2024-08-19T05:24:26+00:00",
  "jurisdiction" : [{
    "coding" : [{
      "system" : "urn:iso:std:iso:3166",
      "code" : "US"
    }]
  }],
  "compose" : {
    "include" : [{
      "concept" : [{
        "code" : "%",
        "display" : "percent"
      },
      {
        "code" : "cm",
        "display" : "centimeter"
      },
      {
        "code" : "[in_i]",
        "display" : "inch (international)"
      },
      {
        "code" : "kg",
        "display" : "kilogram"
      },
      {
        "code" : "g",
        "display" : "gram"
      },
      {
        "code" : "[lb_av]",
        "display" : "pound (US and British)"
      },
      {
        "code" : "Cel",
        "display" : "degree Celsius"
      },
      {
        "code" : "[degF]",
        "display" : "degree Fahrenheit"
      },
      {
        "code" : "mm[Hg]",
        "display" : "millimeter of mercury"
      },
      {
        "code" : "/min",
        "display" : "per minute"
      },
      {
        "code" : "kg/m2",
        "display" : "kilogram / (meter ^ 2)"
      },
      {
        "code" : "m2",
        "display" : "square meter"
      },
      {
        "code" : "449891000124104"
      },
      {
        "code" : "425392003"
      },
      {
        "code" : "304253006"
      },
      {
        "code" : "697978002"
      }]
    }]
  }
}