{
  "resourceType" : "ValueSet",
  "id" : "68a156ce-9d6b-4f83-a28b-22826665893d-152",
  "url" : "http://hl7.org/fhir/comparison/ValueSet/68a156ce-9d6b-4f83-a28b-22826665893d-152",
  "name" : "UnionUSCoreSurveyCodesAndLOINCCodes",
  "title" : "Union of US Core Survey Codes And LOINC Codes",
  "status" : "active",
  "date" : "2024-10-09T04:26:54+00:00",
  "jurisdiction" : [{
    "coding" : [{
      "system" : "urn:iso:std:iso:3166",
      "code" : "US"
    }]
  }],
  "compose" : {
    "include" : [{
      "system" : "http://loinc.org",
      "filter" : [{
        "property" : "CLASSTYPE",
        "op" : "=",
        "value" : "4"
      }]
    },
    {
      "system" : "http://loinc.org",
      "filter" : [{
        "property" : "CLASSTYPE",
        "op" : "=",
        "value" : "2"
      }]
    },
    {
      "system" : "http://loinc.org",
      "filter" : [{
        "property" : "CLASS",
        "op" : "=",
        "value" : "PANEL.NEONAT"
      }]
    },
    {
      "system" : "http://loinc.org"
    }]
  }
}