{
  "resourceType" : "ValueSet",
  "id" : "fe30afc0-77de-4827-9607-338a2a59a56e-6",
  "url" : "http://hl7.org/fhir/comparison/ValueSet/fe30afc0-77de-4827-9607-338a2a59a56e-6",
  "name" : "IntersectionUSCoreDocumentReferenceTypeAndAdvanceDirectivesContentType",
  "title" : "Intersection of US Core DocumentReference Type And Advance Directives Content Type",
  "status" : "active",
  "date" : "2024-10-09T03:46:35+00:00",
  "jurisdiction" : [{
    "coding" : [{
      "system" : "urn:iso:std:iso:3166",
      "code" : "US"
    }]
  }]
}