{
  "resourceType" : "ValueSet",
  "id" : "1b2fa6dd-6fbc-4ccc-9bd4-dfb4b3704e2a-86",
  "url" : "http://hl7.org/fhir/comparison/ValueSet/1b2fa6dd-6fbc-4ccc-9bd4-dfb4b3704e2a-86",
  "name" : "UnionUSCoreObservationSmokingStatusStatusAndObservationStatus",
  "title" : "Union of US Core Status for Smoking Status Observation And ObservationStatus",
  "status" : "active",
  "date" : "2024-11-12T19:08:35+00:00",
  "jurisdiction" : [{
    "coding" : [{
      "system" : "urn:iso:std:iso:3166",
      "code" : "US"
    }]
  }],
  "compose" : {
    "include" : [{
      "concept" : [{
        "code" : "final"
      },
      {
        "code" : "entered-in-error"
      }]
    }]
  }
}