{
  "resourceType" : "ValueSet",
  "id" : "a8c106bf-8230-4369-8bca-9256a2409739-77",
  "url" : "http://hl7.org/fhir/comparison/ValueSet/a8c106bf-8230-4369-8bca-9256a2409739-77",
  "name" : "UnionUSCoreObservationSmokingStatusStatusAndObservationStatus",
  "title" : "Union of US Core Status for Smoking Status Observation And ObservationStatus",
  "status" : "active",
  "date" : "2024-09-16T18:53:36+00:00",
  "jurisdiction" : [{
    "coding" : [{
      "system" : "urn:iso:std:iso:3166",
      "code" : "US"
    }]
  }],
  "compose" : {
    "include" : [{
      "concept" : [{
        "code" : "final"
      },
      {
        "code" : "entered-in-error"
      }]
    }]
  }
}