{
  "resourceType" : "ValueSet",
  "id" : "f2003e85-831b-41f1-8aae-c4a55e139944-152",
  "url" : "http://hl7.org/fhir/comparison/ValueSet/f2003e85-831b-41f1-8aae-c4a55e139944-152",
  "name" : "UnionUSCoreSurveyCodesAndLOINCCodes",
  "title" : "Union of US Core Survey Codes And LOINC Codes",
  "status" : "active",
  "date" : "2024-10-15T00:14:05+00:00",
  "jurisdiction" : [{
    "coding" : [{
      "system" : "urn:iso:std:iso:3166",
      "code" : "US"
    }]
  }],
  "compose" : {
    "include" : [{
      "system" : "http://loinc.org",
      "filter" : [{
        "property" : "CLASSTYPE",
        "op" : "=",
        "value" : "4"
      }]
    },
    {
      "system" : "http://loinc.org",
      "filter" : [{
        "property" : "CLASSTYPE",
        "op" : "=",
        "value" : "2"
      }]
    },
    {
      "system" : "http://loinc.org",
      "filter" : [{
        "property" : "CLASS",
        "op" : "=",
        "value" : "PANEL.NEONAT"
      }]
    },
    {
      "system" : "http://loinc.org"
    }]
  }
}