{
  "resourceType" : "ValueSet",
  "id" : "4ea76129-2faa-4090-a803-abb4bdbf2c9c-62",
  "url" : "http://hl7.org/fhir/comparison/ValueSet/4ea76129-2faa-4090-a803-abb4bdbf2c9c-62",
  "name" : "UnionUSCoreSurveyCodesAndLOINCCodes",
  "title" : "Union of US Core Survey Codes And LOINC Codes",
  "status" : "active",
  "date" : "2024-09-01T02:28:26+00:00",
  "jurisdiction" : [{
    "coding" : [{
      "system" : "urn:iso:std:iso:3166",
      "code" : "US"
    }]
  }],
  "compose" : {
    "include" : [{
      "system" : "http://loinc.org",
      "filter" : [{
        "property" : "CLASSTYPE",
        "op" : "=",
        "value" : "4"
      }]
    },
    {
      "system" : "http://loinc.org",
      "filter" : [{
        "property" : "CLASSTYPE",
        "op" : "=",
        "value" : "2"
      }]
    },
    {
      "system" : "http://loinc.org",
      "filter" : [{
        "property" : "CLASS",
        "op" : "=",
        "value" : "PANEL.NEONAT"
      }]
    },
    {
      "system" : "http://loinc.org"
    }]
  }
}