{
  "resourceType" : "ValueSet",
  "id" : "77787499-fa15-467c-95da-5d92d546f92a-86",
  "url" : "http://hl7.org/fhir/comparison/ValueSet/77787499-fa15-467c-95da-5d92d546f92a-86",
  "name" : "UnionUSCoreObservationSmokingStatusStatusAndObservationStatus",
  "title" : "Union of US Core Status for Smoking Status Observation And ObservationStatus",
  "status" : "active",
  "date" : "2024-11-02T03:23:56+00:00",
  "jurisdiction" : [{
    "coding" : [{
      "system" : "urn:iso:std:iso:3166",
      "code" : "US"
    }]
  }],
  "compose" : {
    "include" : [{
      "concept" : [{
        "code" : "final"
      },
      {
        "code" : "entered-in-error"
      }]
    }]
  }
}