{
  "resourceType" : "ValueSet",
  "id" : "bb24d8eb-79e8-4029-8336-ec8a0eef5070-5",
  "url" : "http://hl7.org/fhir/comparison/ValueSet/bb24d8eb-79e8-4029-8336-ec8a0eef5070-5",
  "name" : "UnionUSCoreDocumentReferenceTypeAndAdvanceDirectivesContentType",
  "title" : "Union of US Core DocumentReference Type And Advance Directives Content Type",
  "status" : "active",
  "date" : "2024-10-13T23:52:12+00:00",
  "jurisdiction" : [{
    "coding" : [{
      "system" : "urn:iso:std:iso:3166",
      "code" : "US"
    }]
  }],
  "compose" : {
    "include" : [{
      "system" : "http://terminology.hl7.org/CodeSystem/v3-NullFlavor",
      "concept" : [{
        "code" : "UNK",
        "display" : "unknown"
      }]
    },
    {
      "system" : "http://loinc.org",
      "filter" : [{
        "property" : "SCALE_TYP",
        "op" : "=",
        "value" : "Doc"
      }]
    },
    {
      "valueSet" : ["http://cts.nlm.nih.gov/fhir/ValueSet/2.16.840.1.113762.1.4.1115.5"]
    },
    {
      "valueSet" : ["http://cts.nlm.nih.gov/fhir/ValueSet/2.16.840.1.113883.11.20.9.69.4"]
    },
    {
      "valueSet" : ["http://cts.nlm.nih.gov/fhir/ValueSet/2.16.840.1.113883.11.20.9.69.5"]
    },
    {
      "valueSet" : ["http://cts.nlm.nih.gov/fhir/ValueSet/2.16.840.1.113762.1.4.1046.35"]
    }]
  }
}