<?xml version="1.0" encoding="UTF-8"?><ImplementationGuide xmlns="http://hl7.org/fhir"><id value="hl7.fhir.us.uscdi5-sandbox"/><text><status value="generated"/><div xmlns="http://www.w3.org/1999/xhtml"><p class="res-header-id"><b>Generated Narrative: ImplementationGuide hl7.fhir.us.uscdi5-sandbox</b></p><a name="hl7.fhir.us.uscdi5-sandbox"> </a><a name="hchl7.fhir.us.uscdi5-sandbox"> </a><a name="hl7.fhir.us.uscdi5-sandbox-en-US"> </a><h2>UCSDI5Sandbox</h2><p>The official URL for this implementation guide is: </p><pre>http://hl7.org/fhir/us/uscdi5-sandbox/ImplementationGuide/hl7.fhir.us.uscdi5-sandbox</pre><div><p>This is a sandbox IG for drafting USCDI5 profiles, examples and documentation of US Core for Version 8</p>
</div></div></text><extension url="http://hl7.org/fhir/StructureDefinition/structuredefinition-standards-status"><valueCode value="trial-use"/></extension><extension url="http://hl7.org/fhir/StructureDefinition/structuredefinition-fmm"><valueInteger value="0"/></extension><url value="http://hl7.org/fhir/us/uscdi5-sandbox/ImplementationGuide/hl7.fhir.us.uscdi5-sandbox"/><version value="0.0.0"/><name value="UCSDI5Sandbox"/><title value="UCSDI5 Sandbox"/><status value="active"/><date value="2024-11-05T05:27:02+00:00"/><publisher value="HL7 International / Cross-Group Projects"/><contact><name value="HL7 International / Cross-Group Projects"/><telecom><system value="url"/><value value="http://www.hl7.org/Special/committees/cgp"/></telecom><telecom><system value="email"/><value value="cgp@lists.HL7.org"/></telecom></contact><contact><name value="Health eData Inc"/><telecom><system value="email"/><value value="mailto:ehaas@healthedatainc.com"/></telecom></contact><description value="This is a sandbox IG for drafting USCDI5 profiles, examples and documentation of US Core for Version 8"/><jurisdiction><coding><system value="urn:iso:std:iso:3166"/><code value="US"/></coding></jurisdiction><copyright value="Used by permission of HL7 International, all rights reserved Creative Commons License"/><packageId value="hl7.fhir.us.uscdi5-sandbox"/><license value="CC0-1.0"/><fhirVersion value="4.0.1"/><dependsOn id="hl7tx"><extension url="http://hl7.org/fhir/tools/StructureDefinition/implementationguide-dependency-comment"><valueMarkdown value="Automatically added as a dependency - all IGs depend on HL7 Terminology"/></extension><uri value="http://terminology.hl7.org/ImplementationGuide/hl7.terminology"/><packageId value="hl7.terminology.r4"/><version value="6.0.2"/></dependsOn><dependsOn id="uscore3"><uri value="http://hl7.org/fhir/us/core/ImplementationGuide/hl7.fhir.us.core"/><packageId value="hl7.fhir.us.core.3.1.1"/><version value="3.1.1"/></dependsOn><dependsOn id="uscore6"><uri value="http://hl7.org/fhir/us/core/ImplementationGuide/hl7.fhir.us.core"/><packageId value="hl7.fhir.us.core"/><version value="6.1.0"/></dependsOn><dependsOn id="uscore7"><uri value="http://hl7.org/fhir/us/core/ImplementationGuide/hl7.fhir.us.core"/><packageId value="hl7.fhir.us.core.v700"/><version value="7.0.0"/></dependsOn><dependsOn id="hl7_fhir_uv_smart_app_launch"><uri value="http://hl7.org/fhir/smart-app-launch/ImplementationGuide/hl7.fhir.uv.smart-app-launch"/><packageId value="hl7.fhir.uv.smart-app-launch"/><version value="2.0.0"/></dependsOn><dependsOn id="vsac"><uri value="http://fhir.org/packages/us.nlm.vsac/ImplementationGuide/us.nlm.vsac"/><packageId value="us.nlm.vsac"/><version value="0.19.0"/></dependsOn><dependsOn id="hl7_fhir_uv_sdc"><uri value="http://hl7.org/fhir/uv/sdc/ImplementationGuide/hl7.fhir.uv.sdc"/><packageId value="hl7.fhir.uv.sdc"/><version value="3.0.0"/></dependsOn><dependsOn id="hl7_fhir_uv_extensions"><uri value="http://hl7.org/fhir/extensions/ImplementationGuide/hl7.fhir.uv.extensions"/><packageId value="hl7.fhir.uv.extensions"/><version value="5.1.0-cibuild"/></dependsOn><dependsOn id="hl7_cda_us_ccda"><uri value="http://hl7.org/cda/stds/core/ImplementationGuide/hl7.cda.uv.core"/><packageId value="hl7.cda.us.ccda"/><version value="3.0.0"/></dependsOn><dependsOn id="backport"><uri value="http://hl7.org/fhir/uv/subscriptions-backport/ImplementationGuide/hl7.fhir.uv.subscriptions-backport"/><packageId value="hl7.fhir.uv.subscriptions-backport.r4"/><version value="1.1.0"/></dependsOn><definition><extension url="http://hl7.org/fhir/tools/StructureDefinition/ig-parameter"><extension url="code"><valueString value="copyrightyear"/></extension><extension url="value"><valueString value="2020+"/></extension></extension><extension url="http://hl7.org/fhir/tools/StructureDefinition/ig-parameter"><extension url="code"><valueString value="releaselabel"/></extension><extension url="value"><valueString value="CI Build"/></extension></extension><extension url="http://hl7.org/fhir/tools/StructureDefinition/ig-parameter"><extension url="code"><valueString value="path-expansion-params"/></extension><extension url="value"><valueString value="../../input/_resources/exp-params.json"/></extension></extension><extension url="http://hl7.org/fhir/tools/StructureDefinition/ig-parameter"><extension url="code"><valueString value="show-inherited-invariants"/></extension><extension url="value"><valueString value="true"/></extension></extension><extension url="http://hl7.org/fhir/tools/StructureDefinition/ig-parameter"><extension url="code"><valueString value="usage-stats-opt-out"/></extension><extension url="value"><valueString value="true"/></extension></extension><extension url="http://hl7.org/fhir/tools/StructureDefinition/ig-parameter"><extension url="code"><valueString value="path-output"/></extension><extension url="value"><valueString value="output"/></extension></extension><extension url="http://hl7.org/fhir/tools/StructureDefinition/ig-parameter"><extension url="code"><valueString value="path-liquid"/></extension><extension url="value"><valueString value="input/images/liquid"/></extension></extension><extension url="http://hl7.org/fhir/tools/StructureDefinition/ig-parameter"><extension url="code"><valueString value="excludexml"/></extension><extension url="value"><valueString value="true"/></extension></extension><extension url="http://hl7.org/fhir/tools/StructureDefinition/ig-parameter"><extension url="code"><valueString value="excludejson"/></extension><extension url="value"><valueString value="false"/></extension></extension><extension url="http://hl7.org/fhir/tools/StructureDefinition/ig-parameter"><extension url="code"><valueString value="excludettl"/></extension><extension url="value"><valueString value="true"/></extension></extension><extension url="http://hl7.org/fhir/tools/StructureDefinition/ig-parameter"><extension url="code"><valueString value="excludemap"/></extension><extension url="value"><valueString value="true"/></extension></extension><extension url="http://hl7.org/fhir/tools/StructureDefinition/ig-parameter"><extension url="code"><valueString value="propagate-status"/></extension><extension url="value"><valueString value="true"/></extension></extension><extension url="http://hl7.org/fhir/tools/StructureDefinition/ig-parameter"><extension url="code"><valueString value="path-history"/></extension><extension url="value"><valueString value="http://hl7.org/fhir/us/uscdi5-sandbox/history.html"/></extension></extension><extension url="http://hl7.org/fhir/tools/StructureDefinition/ig-parameter"><extension url="code"><valueString value="autoload-resources"/></extension><extension url="value"><valueString value="true"/></extension></extension><extension url="http://hl7.org/fhir/tools/StructureDefinition/ig-parameter"><extension url="code"><valueString value="path-liquid"/></extension><extension url="value"><valueString value="template/liquid"/></extension></extension><extension url="http://hl7.org/fhir/tools/StructureDefinition/ig-parameter"><extension url="code"><valueString value="path-liquid"/></extension><extension url="value"><valueString value="input/liquid"/></extension></extension><extension url="http://hl7.org/fhir/tools/StructureDefinition/ig-parameter"><extension url="code"><valueString value="path-qa"/></extension><extension url="value"><valueString value="temp/qa"/></extension></extension><extension url="http://hl7.org/fhir/tools/StructureDefinition/ig-parameter"><extension url="code"><valueString value="path-temp"/></extension><extension url="value"><valueString value="temp/pages"/></extension></extension><extension url="http://hl7.org/fhir/tools/StructureDefinition/ig-parameter"><extension url="code"><valueString value="path-suppressed-warnings"/></extension><extension url="value"><valueString value="input/ignoreWarnings.txt"/></extension></extension><extension url="http://hl7.org/fhir/tools/StructureDefinition/ig-parameter"><extension url="code"><valueString value="template-html"/></extension><extension url="value"><valueString value="template-page.html"/></extension></extension><extension url="http://hl7.org/fhir/tools/StructureDefinition/ig-parameter"><extension url="code"><valueString value="template-md"/></extension><extension url="value"><valueString value="template-page-md.html"/></extension></extension><extension url="http://hl7.org/fhir/tools/StructureDefinition/ig-parameter"><extension url="code"><valueString value="apply-contact"/></extension><extension url="value"><valueString value="true"/></extension></extension><extension url="http://hl7.org/fhir/tools/StructureDefinition/ig-parameter"><extension url="code"><valueString value="apply-context"/></extension><extension url="value"><valueString value="true"/></extension></extension><extension url="http://hl7.org/fhir/tools/StructureDefinition/ig-parameter"><extension url="code"><valueString value="apply-copyright"/></extension><extension url="value"><valueString value="true"/></extension></extension><extension url="http://hl7.org/fhir/tools/StructureDefinition/ig-parameter"><extension url="code"><valueString value="apply-jurisdiction"/></extension><extension url="value"><valueString value="true"/></extension></extension><extension url="http://hl7.org/fhir/tools/StructureDefinition/ig-parameter"><extension url="code"><valueString value="apply-license"/></extension><extension url="value"><valueString value="true"/></extension></extension><extension url="http://hl7.org/fhir/tools/StructureDefinition/ig-parameter"><extension url="code"><valueString value="apply-publisher"/></extension><extension url="value"><valueString value="true"/></extension></extension><extension url="http://hl7.org/fhir/tools/StructureDefinition/ig-parameter"><extension url="code"><valueString value="apply-version"/></extension><extension url="value"><valueString value="true"/></extension></extension><extension url="http://hl7.org/fhir/tools/StructureDefinition/ig-parameter"><extension url="code"><valueString value="apply-wg"/></extension><extension url="value"><valueString value="true"/></extension></extension><extension url="http://hl7.org/fhir/tools/StructureDefinition/ig-parameter"><extension url="code"><valueString value="active-tables"/></extension><extension url="value"><valueString value="true"/></extension></extension><extension url="http://hl7.org/fhir/tools/StructureDefinition/ig-parameter"><extension url="code"><valueString value="fmm-definition"/></extension><extension url="value"><valueString value="http://hl7.org/fhir/versions.html#maturity"/></extension></extension><extension url="http://hl7.org/fhir/tools/StructureDefinition/ig-parameter"><extension url="code"><valueString value="excludelogbinaryformat"/></extension><extension url="value"><valueString value="true"/></extension></extension><extension url="http://hl7.org/fhir/tools/StructureDefinition/ig-parameter"><extension url="code"><valueString value="tabbed-snapshots"/></extension><extension url="value"><valueString value="true"/></extension></extension><extension url="http://hl7.org/fhir/tools/StructureDefinition/ig-internal-dependency"><valueCode value="hl7.fhir.uv.tools#0.2.0"/></extension><extension url="http://hl7.org/fhir/tools/StructureDefinition/ig-parameter"><extension url="code"><valueCode value="copyrightyear"/></extension><extension url="value"><valueString value="2020+"/></extension></extension><extension url="http://hl7.org/fhir/tools/StructureDefinition/ig-parameter"><extension url="code"><valueCode value="releaselabel"/></extension><extension url="value"><valueString value="CI Build"/></extension></extension><extension url="http://hl7.org/fhir/tools/StructureDefinition/ig-parameter"><extension url="code"><valueCode value="path-expansion-params"/></extension><extension url="value"><valueString value="../../input/_resources/exp-params.json"/></extension></extension><extension url="http://hl7.org/fhir/tools/StructureDefinition/ig-parameter"><extension url="code"><valueCode value="show-inherited-invariants"/></extension><extension url="value"><valueString value="true"/></extension></extension><extension url="http://hl7.org/fhir/tools/StructureDefinition/ig-parameter"><extension url="code"><valueCode value="usage-stats-opt-out"/></extension><extension url="value"><valueString value="true"/></extension></extension><extension url="http://hl7.org/fhir/tools/StructureDefinition/ig-parameter"><extension url="code"><valueCode value="path-output"/></extension><extension url="value"><valueString value="output"/></extension></extension><extension url="http://hl7.org/fhir/tools/StructureDefinition/ig-parameter"><extension url="code"><valueCode value="path-liquid"/></extension><extension url="value"><valueString value="input/images/liquid"/></extension></extension><extension url="http://hl7.org/fhir/tools/StructureDefinition/ig-parameter"><extension url="code"><valueCode value="excludexml"/></extension><extension url="value"><valueString value="true"/></extension></extension><extension url="http://hl7.org/fhir/tools/StructureDefinition/ig-parameter"><extension url="code"><valueCode value="excludejson"/></extension><extension url="value"><valueString value="false"/></extension></extension><extension url="http://hl7.org/fhir/tools/StructureDefinition/ig-parameter"><extension url="code"><valueCode value="excludettl"/></extension><extension url="value"><valueString value="true"/></extension></extension><extension url="http://hl7.org/fhir/tools/StructureDefinition/ig-parameter"><extension url="code"><valueCode value="excludemap"/></extension><extension url="value"><valueString value="true"/></extension></extension><extension url="http://hl7.org/fhir/tools/StructureDefinition/ig-parameter"><extension url="code"><valueCode value="propagate-status"/></extension><extension url="value"><valueString value="true"/></extension></extension><extension url="http://hl7.org/fhir/tools/StructureDefinition/ig-parameter"><extension url="code"><valueCode value="path-history"/></extension><extension url="value"><valueString value="http://hl7.org/fhir/us/uscdi5-sandbox/history.html"/></extension></extension><extension url="http://hl7.org/fhir/tools/StructureDefinition/ig-parameter"><extension url="code"><valueCode value="autoload-resources"/></extension><extension url="value"><valueString value="true"/></extension></extension><extension url="http://hl7.org/fhir/tools/StructureDefinition/ig-parameter"><extension url="code"><valueCode value="path-liquid"/></extension><extension url="value"><valueString value="template/liquid"/></extension></extension><extension url="http://hl7.org/fhir/tools/StructureDefinition/ig-parameter"><extension url="code"><valueCode value="path-liquid"/></extension><extension url="value"><valueString value="input/liquid"/></extension></extension><extension url="http://hl7.org/fhir/tools/StructureDefinition/ig-parameter"><extension url="code"><valueCode value="path-qa"/></extension><extension url="value"><valueString value="temp/qa"/></extension></extension><extension url="http://hl7.org/fhir/tools/StructureDefinition/ig-parameter"><extension url="code"><valueCode value="path-temp"/></extension><extension url="value"><valueString value="temp/pages"/></extension></extension><extension url="http://hl7.org/fhir/tools/StructureDefinition/ig-parameter"><extension url="code"><valueCode value="path-suppressed-warnings"/></extension><extension url="value"><valueString value="input/ignoreWarnings.txt"/></extension></extension><extension url="http://hl7.org/fhir/tools/StructureDefinition/ig-parameter"><extension url="code"><valueCode value="template-html"/></extension><extension url="value"><valueString value="template-page.html"/></extension></extension><extension url="http://hl7.org/fhir/tools/StructureDefinition/ig-parameter"><extension url="code"><valueCode value="template-md"/></extension><extension url="value"><valueString value="template-page-md.html"/></extension></extension><extension url="http://hl7.org/fhir/tools/StructureDefinition/ig-parameter"><extension url="code"><valueCode value="apply-contact"/></extension><extension url="value"><valueString value="true"/></extension></extension><extension url="http://hl7.org/fhir/tools/StructureDefinition/ig-parameter"><extension url="code"><valueCode value="apply-context"/></extension><extension url="value"><valueString value="true"/></extension></extension><extension url="http://hl7.org/fhir/tools/StructureDefinition/ig-parameter"><extension url="code"><valueCode value="apply-copyright"/></extension><extension url="value"><valueString value="true"/></extension></extension><extension url="http://hl7.org/fhir/tools/StructureDefinition/ig-parameter"><extension url="code"><valueCode value="apply-jurisdiction"/></extension><extension url="value"><valueString value="true"/></extension></extension><extension url="http://hl7.org/fhir/tools/StructureDefinition/ig-parameter"><extension url="code"><valueCode value="apply-license"/></extension><extension url="value"><valueString value="true"/></extension></extension><extension url="http://hl7.org/fhir/tools/StructureDefinition/ig-parameter"><extension url="code"><valueCode value="apply-publisher"/></extension><extension url="value"><valueString value="true"/></extension></extension><extension url="http://hl7.org/fhir/tools/StructureDefinition/ig-parameter"><extension url="code"><valueCode value="apply-version"/></extension><extension url="value"><valueString value="true"/></extension></extension><extension url="http://hl7.org/fhir/tools/StructureDefinition/ig-parameter"><extension url="code"><valueCode value="apply-wg"/></extension><extension url="value"><valueString value="true"/></extension></extension><extension url="http://hl7.org/fhir/tools/StructureDefinition/ig-parameter"><extension url="code"><valueCode value="active-tables"/></extension><extension url="value"><valueString value="true"/></extension></extension><extension url="http://hl7.org/fhir/tools/StructureDefinition/ig-parameter"><extension url="code"><valueCode value="fmm-definition"/></extension><extension url="value"><valueString value="http://hl7.org/fhir/versions.html#maturity"/></extension></extension><extension url="http://hl7.org/fhir/tools/StructureDefinition/ig-parameter"><extension url="code"><valueCode value="excludelogbinaryformat"/></extension><extension url="value"><valueString value="true"/></extension></extension><extension url="http://hl7.org/fhir/tools/StructureDefinition/ig-parameter"><extension url="code"><valueCode value="tabbed-snapshots"/></extension><extension url="value"><valueString value="true"/></extension></extension><extension url="http://hl7.org/fhir/tools/StructureDefinition/ig-parameter"><extension url="code"><valueCode value="copyrightyear"/></extension><extension url="value"><valueString value="2020+"/></extension></extension><extension url="http://hl7.org/fhir/tools/StructureDefinition/ig-parameter"><extension url="code"><valueCode value="releaselabel"/></extension><extension url="value"><valueString value="CI Build"/></extension></extension><extension url="http://hl7.org/fhir/tools/StructureDefinition/ig-parameter"><extension url="code"><valueCode value="path-expansion-params"/></extension><extension url="value"><valueString value="../../input/_resources/exp-params.json"/></extension></extension><extension url="http://hl7.org/fhir/tools/StructureDefinition/ig-parameter"><extension url="code"><valueCode value="show-inherited-invariants"/></extension><extension url="value"><valueString value="true"/></extension></extension><extension url="http://hl7.org/fhir/tools/StructureDefinition/ig-parameter"><extension url="code"><valueCode value="usage-stats-opt-out"/></extension><extension url="value"><valueString value="true"/></extension></extension><extension url="http://hl7.org/fhir/tools/StructureDefinition/ig-parameter"><extension url="code"><valueCode value="path-output"/></extension><extension url="value"><valueString value="output"/></extension></extension><extension url="http://hl7.org/fhir/tools/StructureDefinition/ig-parameter"><extension url="code"><valueCode value="path-liquid"/></extension><extension url="value"><valueString value="input/images/liquid"/></extension></extension><extension url="http://hl7.org/fhir/tools/StructureDefinition/ig-parameter"><extension url="code"><valueCode value="excludexml"/></extension><extension url="value"><valueString value="true"/></extension></extension><extension url="http://hl7.org/fhir/tools/StructureDefinition/ig-parameter"><extension url="code"><valueCode value="excludejson"/></extension><extension url="value"><valueString value="false"/></extension></extension><extension url="http://hl7.org/fhir/tools/StructureDefinition/ig-parameter"><extension url="code"><valueCode value="excludettl"/></extension><extension url="value"><valueString value="true"/></extension></extension><extension url="http://hl7.org/fhir/tools/StructureDefinition/ig-parameter"><extension url="code"><valueCode value="excludemap"/></extension><extension url="value"><valueString value="true"/></extension></extension><extension url="http://hl7.org/fhir/tools/StructureDefinition/ig-parameter"><extension url="code"><valueCode value="propagate-status"/></extension><extension url="value"><valueString value="true"/></extension></extension><extension url="http://hl7.org/fhir/tools/StructureDefinition/ig-parameter"><extension url="code"><valueCode value="path-history"/></extension><extension url="value"><valueString value="http://hl7.org/fhir/us/uscdi5-sandbox/history.html"/></extension></extension><extension url="http://hl7.org/fhir/tools/StructureDefinition/ig-parameter"><extension url="code"><valueCode value="autoload-resources"/></extension><extension url="value"><valueString value="true"/></extension></extension><extension url="http://hl7.org/fhir/tools/StructureDefinition/ig-parameter"><extension url="code"><valueCode value="path-liquid"/></extension><extension url="value"><valueString value="template/liquid"/></extension></extension><extension url="http://hl7.org/fhir/tools/StructureDefinition/ig-parameter"><extension url="code"><valueCode value="path-liquid"/></extension><extension url="value"><valueString value="input/liquid"/></extension></extension><extension url="http://hl7.org/fhir/tools/StructureDefinition/ig-parameter"><extension url="code"><valueCode value="path-qa"/></extension><extension url="value"><valueString value="temp/qa"/></extension></extension><extension url="http://hl7.org/fhir/tools/StructureDefinition/ig-parameter"><extension url="code"><valueCode value="path-temp"/></extension><extension url="value"><valueString value="temp/pages"/></extension></extension><extension url="http://hl7.org/fhir/tools/StructureDefinition/ig-parameter"><extension url="code"><valueCode value="path-suppressed-warnings"/></extension><extension url="value"><valueString value="input/ignoreWarnings.txt"/></extension></extension><extension url="http://hl7.org/fhir/tools/StructureDefinition/ig-parameter"><extension url="code"><valueCode value="template-html"/></extension><extension url="value"><valueString value="template-page.html"/></extension></extension><extension url="http://hl7.org/fhir/tools/StructureDefinition/ig-parameter"><extension url="code"><valueCode value="template-md"/></extension><extension url="value"><valueString value="template-page-md.html"/></extension></extension><extension url="http://hl7.org/fhir/tools/StructureDefinition/ig-parameter"><extension url="code"><valueCode value="apply-contact"/></extension><extension url="value"><valueString value="true"/></extension></extension><extension url="http://hl7.org/fhir/tools/StructureDefinition/ig-parameter"><extension url="code"><valueCode value="apply-context"/></extension><extension url="value"><valueString value="true"/></extension></extension><extension url="http://hl7.org/fhir/tools/StructureDefinition/ig-parameter"><extension url="code"><valueCode value="apply-copyright"/></extension><extension url="value"><valueString value="true"/></extension></extension><extension url="http://hl7.org/fhir/tools/StructureDefinition/ig-parameter"><extension url="code"><valueCode value="apply-jurisdiction"/></extension><extension url="value"><valueString value="true"/></extension></extension><extension url="http://hl7.org/fhir/tools/StructureDefinition/ig-parameter"><extension url="code"><valueCode value="apply-license"/></extension><extension url="value"><valueString value="true"/></extension></extension><extension url="http://hl7.org/fhir/tools/StructureDefinition/ig-parameter"><extension url="code"><valueCode value="apply-publisher"/></extension><extension url="value"><valueString value="true"/></extension></extension><extension url="http://hl7.org/fhir/tools/StructureDefinition/ig-parameter"><extension url="code"><valueCode value="apply-version"/></extension><extension url="value"><valueString value="true"/></extension></extension><extension url="http://hl7.org/fhir/tools/StructureDefinition/ig-parameter"><extension url="code"><valueCode value="apply-wg"/></extension><extension url="value"><valueString value="true"/></extension></extension><extension url="http://hl7.org/fhir/tools/StructureDefinition/ig-parameter"><extension url="code"><valueCode value="active-tables"/></extension><extension url="value"><valueString value="true"/></extension></extension><extension url="http://hl7.org/fhir/tools/StructureDefinition/ig-parameter"><extension url="code"><valueCode value="fmm-definition"/></extension><extension url="value"><valueString value="http://hl7.org/fhir/versions.html#maturity"/></extension></extension><extension url="http://hl7.org/fhir/tools/StructureDefinition/ig-parameter"><extension url="code"><valueCode value="excludelogbinaryformat"/></extension><extension url="value"><valueString value="true"/></extension></extension><extension url="http://hl7.org/fhir/tools/StructureDefinition/ig-parameter"><extension url="code"><valueCode value="tabbed-snapshots"/></extension><extension url="value"><valueString value="true"/></extension></extension><grouping id="-dyn-capabilitystatement"><name value="Behavior: Capability Statements"/><description value="The following artifacts define the specific capabilities that different types of systems are expected to have in order to comply with this implementation guide.  Systems conforming to this implementation guide are expected to declare conformance to one or more of the following capability statements."/></grouping><grouping id="-str-profile"><name value="Structures: Resource Profiles"/><description value="These define constraints on FHIR resources for systems conforming to this implementation guide."/></grouping><grouping id="-str-extension"><name value="Structures: Extension Definitions"/><description value="These define constraints on FHIR data types for systems conforming to this implementation guide."/></grouping><grouping id="-term-valueset"><name value="Terminology: Value Sets"/><description value="These define sets of codes used by systems conforming to this implementation guide."/></grouping><grouping id="-ex-example"><name value="Example: Example Instances"/><description value="These are example instances that show what data produced and consumed by systems conforming with this implementation guide might look like."/></grouping><resource><extension url="http://hl7.org/fhir/tools/StructureDefinition/resource-sort"><valueInteger value="999999999"/></extension><extension url="http://hl7.org/fhir/StructureDefinition/implementationguide-page"><valueUri value="CapabilityStatement-us-core-server.html"/></extension><reference><reference value="CapabilityStatement/us-core-server"/></reference><name value="US Core Server CapabilityStatement"/><description value="This Section describes the expected capabilities of the US Core Server actor which is responsible for providing responses to the queries submitted by the US Core Requestors. The complete list of FHIR profiles, RESTful operations, and search parameters supported by US Core Servers are defined. Systems implementing this capability statement should meet the ONC 2015 Common Clinical Data Set (CCDS) access requirement for Patient Selection 170.315(g)(7) and Application Access - Data Category Request 170.315(g)(8) and the ONC [U.S. Core Data for Interoperability (USCDI) Version 4 July 2023](https://www.healthit.gov/sites/isa/files/2023-07/Final-USCDI-Version-4-July-2023-Final.pdf)."/><exampleBoolean value="false"/><groupingId value="-dyn-capabilitystatement"/></resource><resource><extension url="http://hl7.org/fhir/tools/StructureDefinition/resource-sort"><valueInteger value="999999999"/></extension><extension url="http://hl7.org/fhir/StructureDefinition/implementationguide-page"><valueUri value="StructureDefinition-us-core-adi-documentreference.html"/></extension><reference><reference value="StructureDefinition/us-core-adi-documentreference"/></reference><name value="US Core ADI DocumentReference Profile"/><description value="The US Core ADI DocumentReference Profile inherits from the FHIR [DocumentReference](https://hl7.org/fhir/R4/documentreference.html) resource; refer to it for scope and usage definitions. This profile and the [US Core Observation ADI Documentation Profile](StructureDefinition-us-core-observation-adi-documentation.html) meet the [U.S. Core Data for Interoperability (USCDI)](https://www.healthit.gov/isp/united-states-core-data-interoperability-uscdi) *Advance Directive Observation* Data Element requirements. It sets minimum expectations for searching and fetching patient ADI documents using the DocumentReference resource. Examples of advance healthcare directive documents include physician order for life sustaining treatment (POLST), do not resuscitate order (DNR), and medical power of attorney. In addition to the document contents, it communicates the type of advance directive document, the author, the verifier, and other properties. To represent whether advance directive documents exist for a patient, see the US Core Observation ADI Documentation Profile. This profile sets minimum expectations for searching and fetching patient ADI documents using the DocumentReference resource. It specifies which core elements, extensions, vocabularies, and value sets **SHALL** be present and constrains how the elements are used. Providing the floor for standards development for specific use cases promotes interoperability and adoption."/><exampleBoolean value="false"/><groupingId value="-str-profile"/></resource><resource><extension url="http://hl7.org/fhir/tools/StructureDefinition/resource-sort"><valueInteger value="999999999"/></extension><extension url="http://hl7.org/fhir/StructureDefinition/implementationguide-page"><valueUri value="StructureDefinition-us-core-encounter.html"/></extension><reference><reference value="StructureDefinition/us-core-encounter"/></reference><name value="US Core Encounter Profile"/><description value="The US Core Encounter Profile inherits from the FHIR [Encounter](https://hl7.org/fhir/R4/encounter.html) resource; refer to it for scope and usage definitions. This profile sets minimum expectations for the Encounter resource to record, search, and fetch basic encounter information for an individual patient. It specifies which core elements, extensions, vocabularies, and value sets **SHALL** be present and constrains how the elements are used. Providing the floor for standards development for specific use cases promotes interoperability and adoption."/><exampleBoolean value="false"/><groupingId value="-str-profile"/></resource><resource><extension url="http://hl7.org/fhir/tools/StructureDefinition/resource-sort"><valueInteger value="999999999"/></extension><extension url="http://hl7.org/fhir/StructureDefinition/implementationguide-page"><valueUri value="StructureDefinition-us-core-immunization.html"/></extension><reference><reference value="StructureDefinition/us-core-immunization"/></reference><name value="US Core Immunization Profile"/><description value="The US Core Immunization Profile inherits from the FHIR [Immunization](https://hl7.org/fhir/R4/immunization.html) resource; refer to it for scope and usage definitions. This profile sets minimum expectations for the Immunization resource to record, search, and fetch immunization history associated with a patient. It specifies which core elements, extensions, vocabularies, and value sets **SHALL** be present and constrains how the elements are used. Providing the floor for standards development for specific use cases promotes interoperability and adoption."/><exampleBoolean value="false"/><groupingId value="-str-profile"/></resource><resource><extension url="http://hl7.org/fhir/tools/StructureDefinition/resource-sort"><valueInteger value="999999999"/></extension><extension url="http://hl7.org/fhir/StructureDefinition/implementationguide-page"><valueUri value="StructureDefinition-us-core-medicationdispense.html"/></extension><reference><reference value="StructureDefinition/us-core-medicationdispense"/></reference><name value="US Core MedicationDispense Profile"/><description value="The US Core MedicationDispense Profile inherits from the FHIR [MedicationDispense](https://hl7.org/fhir/R4/medicationdispense.html) resource; refer to it for scope and usage definitions. This profile sets minimum expectations for the MedicationDispense resource to record, search, and fetch the state of a patients medication with regards to dispensing or other activity. (e.g., dispensed, partially dispensed, not dispensed)  It specifies which core elements, extensions, vocabularies, and value sets **SHALL** be present and constrains how the elements are used. Providing the floor for standards development for specific use cases promotes interoperability and adoption."/><exampleBoolean value="false"/><groupingId value="-str-profile"/></resource><resource><extension url="http://hl7.org/fhir/tools/StructureDefinition/resource-sort"><valueInteger value="999999999"/></extension><extension url="http://hl7.org/fhir/StructureDefinition/implementationguide-page"><valueUri value="StructureDefinition-us-core-medicationrequest.html"/></extension><reference><reference value="StructureDefinition/us-core-medicationrequest"/></reference><name value="US Core MedicationRequest Profile"/><description value="The US Core MedicationRequest Profile inherits from the FHIR [MedicationRequest](https://hl7.org/fhir/R4/medicationrequest.html) resource; refer to it for scope and usage definitions. This profile meets the requirements of the [U.S. Core Data for Interoperability (USCDI)](https://www.healthit.gov/isp/united-states-core-data-interoperability-uscdi)  *Medications* Data Class. This profile sets minimum expectations for the MedicationRequest resource to record, search, and fetch a patient's medication prescriptions or orders. It specifies which core elements, extensions, vocabularies, and value sets **SHALL** be present in the resource and constrains how the elements are used. Providing the floor for standards development for specific use cases promotes interoperability and adoption."/><exampleBoolean value="false"/><groupingId value="-str-profile"/></resource><resource><extension url="http://hl7.org/fhir/tools/StructureDefinition/resource-sort"><valueInteger value="999999999"/></extension><extension url="http://hl7.org/fhir/StructureDefinition/implementationguide-page"><valueUri value="StructureDefinition-us-core-observation-adi-documentation.html"/></extension><reference><reference value="StructureDefinition/us-core-observation-adi-documentation"/></reference><name value="US Core Observation ADI Documentation Profile"/><description value="The US Core Observation ADI Documentation Profile inherits from the FHIR [Observation](https://hl7.org/fhir/R4/observation.html) resource; refer to it for scope and usage definitions. This profile and the [US Core Observation ADI DocumentationReference Profile](StructureDefinition-us-core-adi-documentreference.html) meet the [U.S. Core Data for Interoperability (USCDI)](https://www.healthit.gov/isp/united-states-core-data-interoperability-uscdi) *Advance Directive Observation* Data Element requirements. It is used to communicate the presence and location of advance directive documents for a patient. Examples of advance healthcare directive documents include physician order for life sustaining treatment (POLST), do not resuscitate order (DNR), and medical power of attorney. To communicate the type of advance directive document, the author, the verifier, and other properties, see the US Core Observation ADI Documentation Profile. This profile sets minimum expectations for the Observation resource to record, search, and fetch findings about the presence of a patient's advance directives. It specifies which core elements, extensions,  vocabularies, and value sets **SHALL** be present in the resource and constrains how the elements are used. Providing the floor for standards development for specific use cases promotes interoperability and adoption."/><exampleBoolean value="false"/><groupingId value="-str-profile"/></resource><resource><extension url="http://hl7.org/fhir/tools/StructureDefinition/resource-sort"><valueInteger value="999999999"/></extension><extension url="http://hl7.org/fhir/StructureDefinition/implementationguide-page"><valueUri value="StructureDefinition-us-core-patient.html"/></extension><reference><reference value="StructureDefinition/us-core-patient"/></reference><name value="US Core Patient Profile"/><description value="The US Core Patient Profile inherits from the FHIR [Patient](https://hl7.org/fhir/R4/patient.html) resource; refer to it for scope and usage definitions. This profile meets the requirements of the [U.S. Core Data for Interoperability (USCDI)](https://www.healthit.gov/isp/united-states-core-data-interoperability-uscdi) *Patient Demographics/Information* Data Class. It sets minimum expectations for the Patient resource to record, search, and fetch basic demographics and other administrative information about an individual patient. It specifies which core elements, extensions, vocabularies, and value sets **SHALL** be present and constrains how the elements are used. Providing the floor for standards development for specific use cases promotes interoperability and adoption."/><exampleBoolean value="false"/><groupingId value="-str-profile"/></resource><resource><extension url="http://hl7.org/fhir/tools/StructureDefinition/resource-sort"><valueInteger value="999999999"/></extension><extension url="http://hl7.org/fhir/StructureDefinition/implementationguide-page"><valueUri value="StructureDefinition-us-core-provenance.html"/></extension><reference><reference value="StructureDefinition/us-core-provenance"/></reference><name value="US Core Provenance Profile"/><description value="The US Core Provenance Profile inherits from the FHIR [Provenance](https://hl7.org/fhir/R4/provenance.html) resource; refer to it for scope and usage definitions. This profile sets minimum expectations for the Provenance resource to record, search, and fetch provenance information associated with a record. It covers the minimal (basic) information to support lineage of information. It specifies which core elements, extensions, vocabularies, and value sets **SHALL** be present and constrains how the elements are used.   Before reviewing this profile, implementers are encouraged to read the Basic Provenance guidance page, which documents several key use cases, specifically, the organization responsible for the most recent action on the resource."/><exampleBoolean value="false"/><groupingId value="-str-profile"/></resource><resource><extension url="http://hl7.org/fhir/tools/StructureDefinition/resource-sort"><valueInteger value="999999999"/></extension><extension url="http://hl7.org/fhir/StructureDefinition/implementationguide-page"><valueUri value="StructureDefinition-us-core-servicerequest.html"/></extension><reference><reference value="StructureDefinition/us-core-servicerequest"/></reference><name value="US Core ServiceRequest Profile"/><description value="The US Core ServiceRequest Profile inherits from the FHIR [ServiceRequest](https://hl7.org/fhir/R4/servicerequest.html) resource; refer to it for scope and usage definitions. This profile sets minimum expectations for recording, searching, and fetching the ServiceRequest information. It specifies which core elements, extensions, vocabularies, and value sets **SHALL** be present and constrains how the elements are used. Providing the floor for standards development for specific use cases promotes interoperability and adoption."/><exampleBoolean value="false"/><groupingId value="-str-profile"/></resource><resource><extension url="http://hl7.org/fhir/tools/StructureDefinition/resource-sort"><valueInteger value="999999999"/></extension><extension url="http://hl7.org/fhir/StructureDefinition/implementationguide-page"><valueUri value="StructureDefinition-us-core-authentication-time.html"/></extension><reference><reference value="StructureDefinition/us-core-authentication-time"/></reference><name value="US Core Authentication Time Extension"/><description value="This extension indicates when the information in the document was verified."/><exampleBoolean value="false"/><groupingId value="-str-extension"/></resource><resource><extension url="http://hl7.org/fhir/tools/StructureDefinition/resource-sort"><valueInteger value="999999999"/></extension><extension url="http://hl7.org/fhir/StructureDefinition/implementationguide-page"><valueUri value="StructureDefinition-us-core-interpreter-required.html"/></extension><reference><reference value="StructureDefinition/us-core-interpreter-required"/></reference><name value="US Core Interpreter Required Extension"/><description value="This extension indicates the individual's need for an interpreter to communicate healthcare information in a language other than the default language of the organization."/><exampleBoolean value="false"/><groupingId value="-str-extension"/></resource><resource><extension url="http://hl7.org/fhir/tools/StructureDefinition/resource-sort"><valueInteger value="999999999"/></extension><extension url="http://hl7.org/fhir/StructureDefinition/implementationguide-page"><valueUri value="ValueSet-us-core-adi-finding.html"/></extension><reference><reference value="ValueSet/us-core-adi-finding"/></reference><name value="US Core ADI Finding"/><description value="The US Core ADI Finding Value Set is a 'starter set' of findings used for fetching and storing advanced directives."/><exampleBoolean value="false"/><groupingId value="-term-valueset"/></resource><resource><extension url="http://hl7.org/fhir/tools/StructureDefinition/resource-sort"><valueInteger value="999999999"/></extension><extension url="http://hl7.org/fhir/StructureDefinition/implementationguide-page"><valueUri value="ValueSet-us-core-clinical-note-type.html"/></extension><reference><reference value="ValueSet/us-core-clinical-note-type"/></reference><name value="US Core Clinical Note Type"/><description value="The US Core Clinical Note Type Value Set is a 'starter set' of types supported for fetching and storing clinical notes."/><exampleBoolean value="false"/><groupingId value="-term-valueset"/></resource><resource><extension url="http://hl7.org/fhir/tools/StructureDefinition/resource-sort"><valueInteger value="999999999"/></extension><extension url="http://hl7.org/fhir/StructureDefinition/implementationguide-page"><valueUri value="ValueSet-us-core-location-type.html"/></extension><reference><reference value="ValueSet/us-core-location-type"/></reference><name value="US Core Location Type"/><description value="Concepts representing locations and settings where healthcare services are provided."/><exampleBoolean value="false"/><groupingId value="-term-valueset"/></resource><resource><extension url="http://hl7.org/fhir/tools/StructureDefinition/resource-sort"><valueInteger value="999999999"/></extension><extension url="http://hl7.org/fhir/StructureDefinition/implementationguide-page"><valueUri value="Observation-ADI-example.html"/></extension><reference><reference value="Observation/ADI-example"/></reference><name value="ADI Observation Presence ADI Example"/><description value="This is a Observation example for the USCDI5 ADI Observation Data Element to show whether and location of a patient has an advance directive using a new code = &quot;45473-6&quot; - (Advance directive/living will completed) and and value of &quot;Yes&quot;/&quot;No&quot;/&quot;Unknown&quot; (TODO: pick a convenient value set  LOINC answer list ll50-6, Snomed, hl7 (https://terminology.hl7.org/ValueSet-yes-no-unknown-not-asked.html))"/><exampleBoolean value="true"/><groupingId value="-ex-example"/></resource><resource><extension url="http://hl7.org/fhir/tools/StructureDefinition/resource-sort"><valueInteger value="999999999"/></extension><extension url="http://hl7.org/fhir/StructureDefinition/implementationguide-page"><valueUri value="Observation-no-ADI-example.html"/></extension><reference><reference value="Observation/no-ADI-example"/></reference><name value="ADI Observation Presence No ADI Example"/><description value="This is a Observation example for the USCDI5 ADI Observation Data Element to show whether a patient has an advance directive using a new code = &quot;45473-6&quot; - (Advance directive/living will completed) and and value of &quot;Yes&quot;/&quot;No&quot;/&quot;Unknown&quot; (TODO: pick a convenient value set  LOINC answer list ll50-6, Snomed, hl7 (https://terminology.hl7.org/ValueSet-yes-no-unknown-not-asked.html))"/><exampleBoolean value="true"/><groupingId value="-ex-example"/></resource><resource><extension url="http://hl7.org/fhir/tools/StructureDefinition/resource-sort"><valueInteger value="999999999"/></extension><extension url="http://hl7.org/fhir/StructureDefinition/implementationguide-page"><valueUri value="DocumentReference-discharge-summary.html"/></extension><reference><reference value="DocumentReference/discharge-summary"/></reference><name value="Discharge Summary Example"/><description value="This is a discharge summary example for the *US Core DocumentReference*. It is used in the [Write Note Example](StructureDefinition-us-core-documentreference.html#mandatory-operation)."/><exampleCanonical value="http://hl7.org/fhir/us/core/StructureDefinition/us-core-documentreference"/><groupingId value="-ex-example"/></resource><resource><extension url="http://hl7.org/fhir/tools/StructureDefinition/resource-sort"><valueInteger value="999999999"/></extension><extension url="http://hl7.org/fhir/StructureDefinition/implementationguide-page"><valueUri value="DocumentReference-adi-intubation.html"/></extension><reference><reference value="DocumentReference/adi-intubation"/></reference><name value="DocRef ADI-DNI (PDF)"/><description value="This is a an example of ADI-DNI (PDF) for the *US Core ADI DocumentReference Profile*"/><exampleCanonical value="http://hl7.org/fhir/us/uscdi5-sandbox/StructureDefinition/us-core-adi-documentreference"/><groupingId value="-ex-example"/></resource><resource><extension url="http://hl7.org/fhir/tools/StructureDefinition/resource-sort"><valueInteger value="999999999"/></extension><extension url="http://hl7.org/fhir/StructureDefinition/implementationguide-page"><valueUri value="DocumentReference-living-will.html"/></extension><reference><reference value="DocumentReference/living-will"/></reference><name value="DocRef Living Will (PDF)"/><description value="This is a an example of Living Will (PDF) for the *US Core ADI DocumentReference Profile*"/><exampleCanonical value="http://hl7.org/fhir/us/uscdi5-sandbox/StructureDefinition/us-core-adi-documentreference"/><groupingId value="-ex-example"/></resource><resource><extension url="http://hl7.org/fhir/tools/StructureDefinition/resource-sort"><valueInteger value="999999999"/></extension><extension url="http://hl7.org/fhir/StructureDefinition/implementationguide-page"><valueUri value="DocumentReference-polst.html"/></extension><reference><reference value="DocumentReference/polst"/></reference><name value="DocRef POLST (PDF)"/><description value="This is a an example of POLST (PDF) for the *US Core ADI DocumentReference Profile*"/><exampleCanonical value="http://hl7.org/fhir/us/uscdi5-sandbox/StructureDefinition/us-core-adi-documentreference"/><groupingId value="-ex-example"/></resource><resource><extension url="http://hl7.org/fhir/tools/StructureDefinition/resource-sort"><valueInteger value="999999999"/></extension><extension url="http://hl7.org/fhir/StructureDefinition/implementationguide-page"><valueUri value="Bundle-docref-example-1.html"/></extension><reference><reference value="Bundle/docref-example-1"/></reference><name value="Docref Example 1"/><description value="This bundle is a the response to a $docref operation and contains an example *US Core DocumentReference*.  It is used in [Example 1: Request the latest CCD](StructureDefinition-us-core-documentreference.html#mandatory-operation)."/><exampleBoolean value="true"/><groupingId value="-ex-example"/></resource><resource><extension url="http://hl7.org/fhir/tools/StructureDefinition/resource-sort"><valueInteger value="999999999"/></extension><extension url="http://hl7.org/fhir/StructureDefinition/implementationguide-page"><valueUri value="Bundle-docref-example-2.html"/></extension><reference><reference value="Bundle/docref-example-2"/></reference><name value="Docref Example 2"/><description value="This bundle is a the response to a $docref operation and contains an examples of *US Core DocumentReference*.  It is used in [Example 2: Request Procedure Notes and Discharge Summaries for 2019](StructureDefinition-us-core-documentreference.html#mandatory-operation)."/><exampleBoolean value="true"/><groupingId value="-ex-example"/></resource><resource><extension url="http://hl7.org/fhir/tools/StructureDefinition/resource-sort"><valueInteger value="999999999"/></extension><extension url="http://hl7.org/fhir/StructureDefinition/implementationguide-page"><valueUri value="Encounter-example-1.html"/></extension><reference><reference value="Encounter/example-1"/></reference><name value="Encounter 1 Example"/><description value="This is a encounter 1 example for the *US Core Encounter Profile*."/><exampleCanonical value="http://hl7.org/fhir/us/core/StructureDefinition/us-core-encounter"/><groupingId value="-ex-example"/></resource><resource><extension url="http://hl7.org/fhir/tools/StructureDefinition/resource-sort"><valueInteger value="999999999"/></extension><extension url="http://hl7.org/fhir/StructureDefinition/implementationguide-page"><valueUri value="Immunization-imm-1.html"/></extension><reference><reference value="Immunization/imm-1"/></reference><name value="Immunization Example 1"/><description value="This is an example for the *US Core Immunization Profile*."/><exampleCanonical value="http://hl7.org/fhir/us/core/StructureDefinition/us-core-immunization"/><groupingId value="-ex-example"/></resource><resource><extension url="http://hl7.org/fhir/tools/StructureDefinition/resource-sort"><valueInteger value="999999999"/></extension><extension url="http://hl7.org/fhir/StructureDefinition/implementationguide-page"><valueUri value="MedicationDispense-medicationdispense-example.html"/></extension><reference><reference value="MedicationDispense/medicationdispense-example"/></reference><name value="Medication Dispense Example"/><description value="This is a dispense example for the *US Core MedicationDispense Profile*."/><exampleCanonical value="http://hl7.org/fhir/us/core/StructureDefinition/us-core-medicationdispense"/><groupingId value="-ex-example"/></resource><resource><extension url="http://hl7.org/fhir/tools/StructureDefinition/resource-sort"><valueInteger value="999999999"/></extension><extension url="http://hl7.org/fhir/StructureDefinition/implementationguide-page"><valueUri value="MedicationRequest-medicationrequest-coded-oral-axid.html"/></extension><reference><reference value="MedicationRequest/medicationrequest-coded-oral-axid"/></reference><name value="MedicationRequest Coded Oral Axid Example"/><description value="This is an prescribed oral solution example for the *US Core MedicationRequest Profile*.  It represents the medication and reason using codes."/><exampleCanonical value="http://hl7.org/fhir/us/core/StructureDefinition/us-core-medicationrequest"/><groupingId value="-ex-example"/></resource><resource><extension url="http://hl7.org/fhir/tools/StructureDefinition/resource-sort"><valueInteger value="999999999"/></extension><extension url="http://hl7.org/fhir/StructureDefinition/implementationguide-page"><valueUri value="Patient-example.html"/></extension><reference><reference value="Patient/example"/></reference><name value="Patient Example"/><description value="This is a patient example for the *US Core Patient Profile*."/><exampleCanonical value="http://hl7.org/fhir/us/core/StructureDefinition/us-core-patient"/><groupingId value="-ex-example"/></resource><page><extension url="http://hl7.org/fhir/StructureDefinition/structuredefinition-standards-status"><valueCode value="informative"/></extension><extension url="http://hl7.org/fhir/tools/StructureDefinition/ig-page-name"><valueUrl value="toc.html"/></extension><nameUrl value="toc.html"/><title value="Table of Contents"/><generation value="html"/><page><extension url="http://hl7.org/fhir/StructureDefinition/structuredefinition-standards-status"><valueCode value="draft"/></extension><extension url="http://hl7.org/fhir/tools/StructureDefinition/ig-page-name"><valueUrl value="index.html"/></extension><nameUrl value="index.html"/><title value="Home"/><generation value="markdown"/></page><page><extension url="http://hl7.org/fhir/StructureDefinition/structuredefinition-standards-status"><valueCode value="informative"/></extension><extension url="http://hl7.org/fhir/tools/StructureDefinition/ig-page-name"><valueUrl value="conformance.html"/></extension><nameUrl value="conformance.html"/><title value="Conformance"/><generation value="markdown"/><page><extension url="http://hl7.org/fhir/StructureDefinition/structuredefinition-standards-status"><valueCode value="informative"/></extension><extension url="http://hl7.org/fhir/tools/StructureDefinition/ig-page-name"><valueUrl value="must-support.html"/></extension><nameUrl value="must-support.html"/><title value="Must Support"/><generation value="markdown"/></page></page><page><extension url="http://hl7.org/fhir/StructureDefinition/structuredefinition-standards-status"><valueCode value="informative"/></extension><extension url="http://hl7.org/fhir/tools/StructureDefinition/ig-page-name"><valueUrl value="guidance.html"/></extension><nameUrl value="guidance.html"/><title value="Guidance"/><generation value="markdown"/><page><extension url="http://hl7.org/fhir/StructureDefinition/structuredefinition-standards-status"><valueCode value="informative"/></extension><extension url="http://hl7.org/fhir/tools/StructureDefinition/ig-page-name"><valueUrl value="uscdi.html"/></extension><nameUrl value="uscdi.html"/><title value="Uscdi"/><generation value="markdown"/></page><page><extension url="http://hl7.org/fhir/StructureDefinition/structuredefinition-standards-status"><valueCode value="informative"/></extension><extension url="http://hl7.org/fhir/tools/StructureDefinition/ig-page-name"><valueUrl value="basic-provenance.html"/></extension><nameUrl value="basic-provenance.html"/><title value="Basic Provenance"/><generation value="markdown"/></page><page><extension url="http://hl7.org/fhir/StructureDefinition/structuredefinition-standards-status"><valueCode value="informative"/></extension><extension url="http://hl7.org/fhir/tools/StructureDefinition/ig-page-name"><valueUrl value="changes-between-versions.html"/></extension><nameUrl value="changes-between-versions.html"/><title value="Changes Between Versions"/><generation value="markdown"/></page><page><extension url="http://hl7.org/fhir/StructureDefinition/structuredefinition-standards-status"><valueCode value="informative"/></extension><extension url="http://hl7.org/fhir/tools/StructureDefinition/ig-page-name"><valueUrl value="clinical-notes.html"/></extension><nameUrl value="clinical-notes.html"/><title value="Clinical Notes"/><generation value="markdown"/></page><page><extension url="http://hl7.org/fhir/StructureDefinition/structuredefinition-standards-status"><valueCode value="informative"/></extension><extension url="http://hl7.org/fhir/tools/StructureDefinition/ig-page-name"><valueUrl value="spcu.html"/></extension><nameUrl value="spcu.html"/><title value="Sex Parameters for Clinical Use"/><generation value="markdown"/></page></page><page><extension url="http://hl7.org/fhir/StructureDefinition/structuredefinition-standards-status"><valueCode value="informative"/></extension><extension url="http://hl7.org/fhir/tools/StructureDefinition/ig-page-name"><valueUrl value="downloads.html"/></extension><nameUrl value="downloads.html"/><title value="Downloads"/><generation value="markdown"/></page><page><extension url="http://hl7.org/fhir/StructureDefinition/structuredefinition-standards-status"><valueCode value="informative"/></extension><extension url="http://hl7.org/fhir/tools/StructureDefinition/ig-page-name"><valueUrl value="ImplementationGuide.html"/></extension><nameUrl value="ImplementationGuide.html"/><title value="ImplementationGuide Resource"/><generation value="markdown"/></page><page><extension url="http://hl7.org/fhir/StructureDefinition/structuredefinition-standards-status"><valueCode value="informative"/></extension><extension url="http://hl7.org/fhir/tools/StructureDefinition/ig-page-name"><valueUrl value="changes.html"/></extension><nameUrl value="changes.html"/><title value="Change Log"/><generation value="markdown"/></page><page><extension url="http://hl7.org/fhir/tools/StructureDefinition/ig-page-name"><valueUrl value="artifacts.html"/></extension><nameUrl value="artifacts.html"/><title value="Artifacts Summary"/><generation value="html"/><page><extension url="http://hl7.org/fhir/tools/StructureDefinition/ig-page-name"><valueUrl value="CapabilityStatement-us-core-server.html"/></extension><nameUrl value="CapabilityStatement-us-core-server.html"/><title value="US Core Server CapabilityStatement"/><generation value="generated"/></page><page><extension url="http://hl7.org/fhir/tools/StructureDefinition/ig-page-name"><valueUrl value="StructureDefinition-us-core-adi-documentreference.html"/></extension><nameUrl value="StructureDefinition-us-core-adi-documentreference.html"/><title value="US Core ADI DocumentReference Profile"/><generation value="generated"/></page><page><extension url="http://hl7.org/fhir/tools/StructureDefinition/ig-page-name"><valueUrl value="StructureDefinition-us-core-encounter.html"/></extension><nameUrl value="StructureDefinition-us-core-encounter.html"/><title value="US Core Encounter Profile"/><generation value="generated"/></page><page><extension url="http://hl7.org/fhir/tools/StructureDefinition/ig-page-name"><valueUrl value="StructureDefinition-us-core-immunization.html"/></extension><nameUrl value="StructureDefinition-us-core-immunization.html"/><title value="US Core Immunization Profile"/><generation value="generated"/></page><page><extension url="http://hl7.org/fhir/tools/StructureDefinition/ig-page-name"><valueUrl value="StructureDefinition-us-core-medicationdispense.html"/></extension><nameUrl value="StructureDefinition-us-core-medicationdispense.html"/><title value="US Core MedicationDispense Profile"/><generation value="generated"/></page><page><extension url="http://hl7.org/fhir/tools/StructureDefinition/ig-page-name"><valueUrl value="StructureDefinition-us-core-medicationrequest.html"/></extension><nameUrl value="StructureDefinition-us-core-medicationrequest.html"/><title value="US Core MedicationRequest Profile"/><generation value="generated"/></page><page><extension url="http://hl7.org/fhir/tools/StructureDefinition/ig-page-name"><valueUrl value="StructureDefinition-us-core-observation-adi-documentation.html"/></extension><nameUrl value="StructureDefinition-us-core-observation-adi-documentation.html"/><title value="US Core Observation ADI Documentation Profile"/><generation value="generated"/></page><page><extension url="http://hl7.org/fhir/tools/StructureDefinition/ig-page-name"><valueUrl value="StructureDefinition-us-core-patient.html"/></extension><nameUrl value="StructureDefinition-us-core-patient.html"/><title value="US Core Patient Profile"/><generation value="generated"/></page><page><extension url="http://hl7.org/fhir/tools/StructureDefinition/ig-page-name"><valueUrl value="StructureDefinition-us-core-provenance.html"/></extension><nameUrl value="StructureDefinition-us-core-provenance.html"/><title value="US Core Provenance Profile"/><generation value="generated"/></page><page><extension url="http://hl7.org/fhir/tools/StructureDefinition/ig-page-name"><valueUrl value="StructureDefinition-us-core-servicerequest.html"/></extension><nameUrl value="StructureDefinition-us-core-servicerequest.html"/><title value="US Core ServiceRequest Profile"/><generation value="generated"/></page><page><extension url="http://hl7.org/fhir/tools/StructureDefinition/ig-page-name"><valueUrl value="StructureDefinition-us-core-authentication-time.html"/></extension><nameUrl value="StructureDefinition-us-core-authentication-time.html"/><title value="US Core Authentication Time Extension"/><generation value="generated"/></page><page><extension url="http://hl7.org/fhir/tools/StructureDefinition/ig-page-name"><valueUrl value="StructureDefinition-us-core-interpreter-required.html"/></extension><nameUrl value="StructureDefinition-us-core-interpreter-required.html"/><title value="US Core Interpreter Required Extension"/><generation value="generated"/></page><page><extension url="http://hl7.org/fhir/tools/StructureDefinition/ig-page-name"><valueUrl value="ValueSet-us-core-adi-finding.html"/></extension><nameUrl value="ValueSet-us-core-adi-finding.html"/><title value="US Core ADI Finding"/><generation value="generated"/></page><page><extension url="http://hl7.org/fhir/tools/StructureDefinition/ig-page-name"><valueUrl value="ValueSet-us-core-clinical-note-type.html"/></extension><nameUrl value="ValueSet-us-core-clinical-note-type.html"/><title value="US Core Clinical Note Type"/><generation value="generated"/></page><page><extension url="http://hl7.org/fhir/tools/StructureDefinition/ig-page-name"><valueUrl value="ValueSet-us-core-location-type.html"/></extension><nameUrl value="ValueSet-us-core-location-type.html"/><title value="US Core Location Type"/><generation value="generated"/></page><page><extension url="http://hl7.org/fhir/tools/StructureDefinition/ig-page-name"><valueUrl value="Observation-ADI-example.html"/></extension><nameUrl value="Observation-ADI-example.html"/><title value="ADI Observation Presence ADI Example"/><generation value="generated"/></page><page><extension url="http://hl7.org/fhir/tools/StructureDefinition/ig-page-name"><valueUrl value="Observation-no-ADI-example.html"/></extension><nameUrl value="Observation-no-ADI-example.html"/><title value="ADI Observation Presence No ADI Example"/><generation value="generated"/></page><page><extension url="http://hl7.org/fhir/tools/StructureDefinition/ig-page-name"><valueUrl value="DocumentReference-discharge-summary.html"/></extension><nameUrl value="DocumentReference-discharge-summary.html"/><title value="Discharge Summary Example"/><generation value="generated"/></page><page><extension url="http://hl7.org/fhir/tools/StructureDefinition/ig-page-name"><valueUrl value="DocumentReference-adi-intubation.html"/></extension><nameUrl value="DocumentReference-adi-intubation.html"/><title value="DocRef ADI-DNI (PDF)"/><generation value="generated"/></page><page><extension url="http://hl7.org/fhir/tools/StructureDefinition/ig-page-name"><valueUrl value="Bundle-docref-example-1.html"/></extension><nameUrl value="Bundle-docref-example-1.html"/><title value="Docref Example 1"/><generation value="generated"/></page><page><extension url="http://hl7.org/fhir/tools/StructureDefinition/ig-page-name"><valueUrl value="Bundle-docref-example-2.html"/></extension><nameUrl value="Bundle-docref-example-2.html"/><title value="Docref Example 2"/><generation value="generated"/></page><page><extension url="http://hl7.org/fhir/tools/StructureDefinition/ig-page-name"><valueUrl value="DocumentReference-living-will.html"/></extension><nameUrl value="DocumentReference-living-will.html"/><title value="DocRef Living Will (PDF)"/><generation value="generated"/></page><page><extension url="http://hl7.org/fhir/tools/StructureDefinition/ig-page-name"><valueUrl value="DocumentReference-polst.html"/></extension><nameUrl value="DocumentReference-polst.html"/><title value="DocRef POLST (PDF)"/><generation value="generated"/></page><page><extension url="http://hl7.org/fhir/tools/StructureDefinition/ig-page-name"><valueUrl value="Encounter-example-1.html"/></extension><nameUrl value="Encounter-example-1.html"/><title value="Encounter 1 Example"/><generation value="generated"/></page><page><extension url="http://hl7.org/fhir/tools/StructureDefinition/ig-page-name"><valueUrl value="Immunization-imm-1.html"/></extension><nameUrl value="Immunization-imm-1.html"/><title value="Immunization Example 1"/><generation value="generated"/></page><page><extension url="http://hl7.org/fhir/tools/StructureDefinition/ig-page-name"><valueUrl value="MedicationDispense-medicationdispense-example.html"/></extension><nameUrl value="MedicationDispense-medicationdispense-example.html"/><title value="Medication Dispense Example"/><generation value="generated"/></page><page><extension url="http://hl7.org/fhir/tools/StructureDefinition/ig-page-name"><valueUrl value="MedicationRequest-medicationrequest-coded-oral-axid.html"/></extension><nameUrl value="MedicationRequest-medicationrequest-coded-oral-axid.html"/><title value="MedicationRequest Coded Oral Axid Example"/><generation value="generated"/></page><page><extension url="http://hl7.org/fhir/tools/StructureDefinition/ig-page-name"><valueUrl value="Patient-example.html"/></extension><nameUrl value="Patient-example.html"/><title value="Patient Example"/><generation value="generated"/></page></page></page><parameter><code value="path-resource"/><value value="input/resources"/></parameter><parameter><code value="path-resource"/><value value="fsh-generated/resources"/></parameter><parameter><code value="path-resource"/><value value="input/intro-notes"/></parameter><parameter><code value="path-resource"/><value value="input/capabilities"/></parameter><parameter><code value="path-resource"/><value value="input/examples"/></parameter><parameter><code value="path-resource"/><value value="input/extensions"/></parameter><parameter><code value="path-resource"/><value value="input/models"/></parameter><parameter><code value="path-resource"/><value value="input/operations"/></parameter><parameter><code value="path-resource"/><value value="input/profiles"/></parameter><parameter><code value="path-resource"/><value value="input/vocabulary"/></parameter><parameter><code value="path-resource"/><value value="input/testing"/></parameter><parameter><code value="path-resource"/><value value="input/history"/></parameter><parameter><code value="path-pages"/><value value="template/config"/></parameter><parameter><code value="path-pages"/><value value="input/images"/></parameter><parameter><code value="path-tx-cache"/><value value="input-cache/txcache"/></parameter></definition></ImplementationGuide>