<?xml version="1.0" encoding="UTF-8"?><ValueSet xmlns="http://hl7.org/fhir"><id value="foo-bar"/><text><status value="extensions"/><div xmlns="http://www.w3.org/1999/xhtml"><p class="res-header-id"><b>Generated Narrative: ValueSet foo-bar</b></p><a name="foo-bar"> </a><a name="hcfoo-bar"> </a><a name="foo-bar-en-US"> </a><ul><li>Include these codes as defined in <a href="CodeSystem-foo-bar.html"><code>http://www.fhir.org/guides/uscdi5-sandbox/CodeSystem/foo-bar</code></a><table class="none"><tr><td style="white-space:nowrap"><b>Code</b></td><td><b>Display</b></td><td><b>Definition</b></td></tr><tr><td><a href="CodeSystem-foo-bar.html#foo-bar-foo">foo</a></td><td style="color: #cccccc">foo</td><td>Foo</td></tr><tr><td><a href="CodeSystem-foo-bar.html#foo-bar-bar">bar</a></td><td style="color: #cccccc">bar</td><td>Bar</td></tr></table></li></ul></div></text><extension url="http://hl7.org/fhir/StructureDefinition/structuredefinition-standards-status"><valueCode value="informative"><extension url="http://hl7.org/fhir/StructureDefinition/structuredefinition-conformance-derivedFrom"><valueCanonical value="http://hl7.org/fhir/us/uscdi5-sandbox/ImplementationGuide/hl7.fhir.us.uscdi5-sandbox"/></extension></valueCode></extension><url value="http://www.fhir.org/guides/uscdi5-sandbox/ValueSet/foo-bar"/><version value="0.0.0"/><name value="FooBar"/><title value="Foo Bar Test Value Set"/><status value="active"/><experimental value="true"/><date value="2024-07-25"/><publisher value="HL7 International / Cross-Group Projects"/><contact><name value="HL7 International / Cross-Group Projects"/><telecom><system value="url"/><value value="http://www.hl7.org/Special/committees/cgp"/></telecom><telecom><system value="email"/><value value="cgp@lists.HL7.org"/></telecom></contact><contact><name value="Health eData Inc"/><telecom><system value="email"/><value value="mailto:ehaas@healthedatainc.com"/></telecom></contact><description value="Foo Bar Test ValueSet"/><jurisdiction><coding><system value="urn:iso:std:iso:3166"/><code value="US"/></coding></jurisdiction><copyright value="All rights reserved ... Don't mess with Greatness!!!"/><compose><include><system value="http://www.fhir.org/guides/uscdi5-sandbox/CodeSystem/foo-bar"/><concept><code value="foo"/></concept><concept><code value="bar"/></concept></include></compose></ValueSet>