<?xml version="1.0" encoding="UTF-8"?><ValueSet xmlns="http://hl7.org/fhir"><id value="us-core-adi-finding"/><text><status value="generated"/><div xmlns="http://www.w3.org/1999/xhtml"><p class="res-header-id"><b>Generated Narrative: ValueSet us-core-adi-finding</b></p><a name="us-core-adi-finding"> </a><a name="hcus-core-adi-finding"> </a><a name="us-core-adi-finding-en-US"> </a><ul><li>Include these codes as defined in <a href="http://www.snomed.org/"><code>http://snomed.info/sct</code></a><table class="none"><tr><td style="white-space:nowrap"><b>Code</b></td><td><b>Display</b></td></tr><tr><td><a href="http://snomed.info/id/449891000124104">449891000124104</a></td><td style="color: #cccccc">No advance directive (finding)</td></tr><tr><td><a href="http://snomed.info/id/425392003">425392003</a></td><td style="color: #cccccc">Active advance directive (finding)</td></tr><tr><td><a href="http://snomed.info/id/304253006">304253006</a></td><td style="color: #cccccc">Not for resuscitation</td></tr><tr><td><a href="http://snomed.info/id/697978002">697978002</a></td><td style="color: #cccccc">Provider orders for life-sustaining treatment</td></tr></table></li></ul></div></text><extension url="http://hl7.org/fhir/StructureDefinition/structuredefinition-fmm"><valueInteger value="0"><extension url="http://hl7.org/fhir/StructureDefinition/structuredefinition-conformance-derivedFrom"><valueCanonical value="http://www.fhir.org/guides/uscdi5-sandbox/ImplementationGuide/uscdi5-sandbox"/></extension></valueInteger></extension><extension url="http://hl7.org/fhir/StructureDefinition/structuredefinition-standards-status"><valueCode value="trial-use"><extension url="http://hl7.org/fhir/StructureDefinition/structuredefinition-conformance-derivedFrom"><valueCanonical value="http://www.fhir.org/guides/uscdi5-sandbox/ImplementationGuide/uscdi5-sandbox"/></extension></valueCode></extension><url value="http://hl7.org/fhir/us/core/ValueSet/us-core-adi-finding"/><version value="0.0.0"/><name value="USCoreADIFinding"/><title value="US Core ADI Finding"/><status value="active"/><experimental value="false"/><date value="2024-05-30"/><publisher value="Health eData Inc"/><contact><telecom><system value="email"/><value value="mailto:ehaas@healthedatainc.com"/></telecom></contact><description value="The US Core ADI Finding Value Set is a 'starter set' of findings used for fetching and storing advanced directives."/><copyright value="# 1.This material contains content from LOINC (http://loinc.org). LOINC is # copyright \xA9 1995-2020, Regenstrief Institute, Inc. and the Logical Observation # Identifiers Names and Codes (LOINC) Committee and is available at no cost under # the license at http://loinc.org/license. LOINC\xAE is a registered United States # trademark of Regenstrief Institute, Inc 1. This value set includes content from SNOMED CT, which is copyright © 2002+ International Health Terminology Standards Development Organisation (IHTSDO), and distributed by agreement between IHTSDO and HL7. Implementer use of SNOMED CT is not covered by this agreement"/><compose><include><system value="http://snomed.info/sct"/><concept><code value="449891000124104"/></concept><concept><code value="425392003"/></concept><concept><code value="304253006"/></concept><concept><code value="697978002"/></concept></include></compose></ValueSet>