<?xml version="1.0" encoding="UTF-8"?><ValueSet xmlns="http://hl7.org/fhir"><id value="us-core-specimen-condition"/><text><status value="generated"/><div xmlns="http://www.w3.org/1999/xhtml"><p class="res-header-id"><b>Generated Narrative: ValueSet us-core-specimen-condition</b></p><a name="us-core-specimen-condition"> </a><a name="hcus-core-specimen-condition"> </a><a name="us-core-specimen-condition-en-US"> </a><p>This value set includes codes based on the following rules:</p><ul><li>Import all the codes that are contained in <a href="http://terminology.hl7.org/5.2.0/ValueSet-v2-0493.html">hl7VS-specimenCondition</a></li><li>Import all the codes that are contained in http://cts.nlm.nih.gov/fhir/ValueSet/2.16.840.1.113762.1.4.1267.24</li></ul></div></text><extension url="http://hl7.org/fhir/StructureDefinition/structuredefinition-fmm"><valueInteger value="0"><extension url="http://hl7.org/fhir/StructureDefinition/structuredefinition-conformance-derivedFrom"><valueCanonical value="http://hl7.org/fhir/us/uscdi5-sandbox/ImplementationGuide/hl7.fhir.us.uscdi5-sandbox"/></extension></valueInteger></extension><extension url="http://hl7.org/fhir/StructureDefinition/structuredefinition-standards-status"><valueCode value="trial-use"><extension url="http://hl7.org/fhir/StructureDefinition/structuredefinition-conformance-derivedFrom"><valueCanonical value="http://hl7.org/fhir/us/uscdi5-sandbox/ImplementationGuide/hl7.fhir.us.uscdi5-sandbox"/></extension></valueCode></extension><url value="http://hl7.org/fhir/us/core/ValueSet/us-core-specimen-condition"/><version value="0.0.0"/><name value="USCoreSpecimenCondition"/><title value="US Core Specimen Condition"/><status value="active"/><experimental value="false"/><date value="2024-11-05"/><publisher value="HL7 International / Cross-Group Projects"/><contact><name value="HL7 International / Cross-Group Projects"/><telecom><system value="url"/><value value="http://www.hl7.org/Special/committees/cgp"/></telecom><telecom><system value="email"/><value value="cgp@lists.HL7.org"/></telecom></contact><contact><name value="Health eData Inc"/><telecom><system value="email"/><value value="mailto:ehaas@healthedatainc.com"/></telecom></contact><description value="This value set contains concepts the provide information regarding a specimen, including the container, that does not meet a laboratory’s criteria for acceptability."/><jurisdiction><coding><system value="urn:iso:std:iso:3166"/><code value="US"/></coding></jurisdiction><copyright value="This value set includes content from SNOMED CT, which is copyright © 2002+ International Health Terminology Standards Development Organisation (IHTSDO), and distributed by agreement between IHTSDO and HL7. Implementer use of SNOMED CT is not covered by this agreement"/><compose><include><valueSet value="http://terminology.hl7.org/ValueSet/v2-0493"/></include><include><valueSet value="http://cts.nlm.nih.gov/fhir/ValueSet/2.16.840.1.113762.1.4.1267.24"/></include></compose></ValueSet>