[
  {
    "id" : "us-core-server",
    "type" : "CapabilityStatement",
    "url" : "http://hl7.org/fhir/us/core/CapabilityStatement/us-core-server",
    "version" : "0.0.0",
    "name" : "UsCoreServerCapabilityStatement"
  },
  {
    "id" : "us-core-immunization",
    "type" : "StructureDefinition",
    "url" : "http://hl7.org/fhir/us/core/StructureDefinition/us-core-immunization",
    "version" : "0.0.0",
    "name" : "USCoreImmunizationProfile"
  },
  {
    "id" : "us-core-medicationdispense",
    "type" : "StructureDefinition",
    "url" : "http://hl7.org/fhir/us/core/StructureDefinition/us-core-medicationdispense",
    "version" : "0.0.0",
    "name" : "USCoreMedicationDispenseProfile"
  },
  {
    "id" : "us-core-medicationrequest",
    "type" : "StructureDefinition",
    "url" : "http://hl7.org/fhir/us/core/StructureDefinition/us-core-medicationrequest",
    "version" : "0.0.0",
    "name" : "USCoreMedicationRequestProfile"
  },
  {
    "id" : "us-core-observation-adi-documentation",
    "type" : "StructureDefinition",
    "url" : "http://hl7.org/fhir/us/core/StructureDefinition/us-core-observation-adi-documentation",
    "version" : "0.0.0",
    "name" : "USCoreObservationADIDocumentationProfile"
  },
  {
    "id" : "us-core-patient",
    "type" : "StructureDefinition",
    "url" : "http://hl7.org/fhir/us/core/StructureDefinition/us-core-patient",
    "version" : "0.0.0",
    "name" : "USCorePatientProfile"
  },
  {
    "id" : "us-core-provenance",
    "type" : "StructureDefinition",
    "url" : "http://hl7.org/fhir/us/core/StructureDefinition/us-core-provenance",
    "version" : "0.0.0",
    "name" : "USCoreProvenance"
  },
  {
    "id" : "us-core-adi-finding",
    "type" : "ValueSet",
    "url" : "http://hl7.org/fhir/us/core/ValueSet/us-core-adi-finding",
    "version" : "0.0.0",
    "name" : "USCoreADIFinding"
  },
  {
    "id" : "us-core-clinical-note-type",
    "type" : "ValueSet",
    "url" : "http://hl7.org/fhir/us/core/ValueSet/us-core-clinical-note-type",
    "version" : "0.0.0",
    "name" : "USCoreClinicalNoteType"
  },
  {
    "id" : "hl7.fhir.us.uscdi5-sandbox",
    "type" : "ImplementationGuide",
    "url" : "http://hl7.org/fhir/us/uscdi5-sandbox/ImplementationGuide/hl7.fhir.us.uscdi5-sandbox",
    "version" : "0.0.0",
    "name" : "UCSDI5Sandbox"
  },
  {
    "id" : "us-core-interpreter-required",
    "type" : "StructureDefinition",
    "url" : "http://hl7.org/fhir/us/uscdi5-sandbox/StructureDefinition/us-core-interpreter-required",
    "version" : "0.0.0",
    "name" : "USCoreInterpreterRequiredExtension"
  },
  {
    "id" : "foo-bar",
    "type" : "CodeSystem",
    "url" : "http://www.fhir.org/guides/uscdi5-sandbox/CodeSystem/foo-bar",
    "version" : "0.0.0",
    "name" : "FooBar"
  },
  {
    "id" : "us-core-servicerequest",
    "type" : "StructureDefinition",
    "url" : "http://www.fhir.org/guides/uscdi5-sandbox/StructureDefinition/us-core-servicerequest",
    "version" : "0.0.0",
    "name" : "USCoreServiceRequestProfile"
  },
  {
    "id" : "foo-bar",
    "type" : "ValueSet",
    "url" : "http://www.fhir.org/guides/uscdi5-sandbox/ValueSet/foo-bar",
    "version" : "0.0.0",
    "name" : "FooBar"
  }
]
