{
  "codeSystems" : [
    {
      "url" : "http://hl7.org/fhir/CodeSystem/medicationrequest-intent",
      "version" : "4.0.1",
      "status" : "draft",
      "name" : "medicationRequest Intent",
      "title" : "Medication request  intent",
      "description" : "MedicationRequest Intent Codes",
      "oids" : ["2.16.840.1.113883.4.642.4.1378"],
      "uses" : {
      },
      "http://hl7.org/fhir/R4/valueset-medicationrequest-intent.html" : "Medication request  intent"
    },
    {
      "url" : "http://hl7.org/fhir/CodeSystem/medicationrequest-status",
      "version" : "4.0.1",
      "status" : "draft",
      "name" : "medicationrequest Status",
      "title" : "Medicationrequest  status",
      "description" : "MedicationRequest Status Codes",
      "oids" : ["2.16.840.1.113883.4.642.4.1377"],
      "uses" : {
      },
      "http://hl7.org/fhir/R4/valueset-medicationrequest-status.html" : "Medicationrequest  status"
    },
    {
      "url" : "http://hl7.org/fhir/administrative-gender",
      "version" : "4.0.1",
      "status" : "active",
      "name" : "AdministrativeGender",
      "title" : "AdministrativeGender",
      "description" : "The gender of a person used for administrative purposes.",
      "oids" : ["2.16.840.1.113883.4.642.4.2"],
      "uses" : {
      },
      "http://hl7.org/fhir/R4/valueset-administrative-gender.html" : "AdministrativeGender"
    },
    {
      "url" : "http://hl7.org/fhir/contact-point-system",
      "version" : "4.0.1",
      "status" : "active",
      "name" : "ContactPointSystem",
      "title" : "ContactPointSystem",
      "description" : "Telecommunications form for contact point.",
      "oids" : ["2.16.840.1.113883.4.642.4.72"],
      "uses" : {
      },
      "http://hl7.org/fhir/R4/valueset-contact-point-system.html" : "ContactPointSystem"
    },
    {
      "url" : "http://hl7.org/fhir/contact-point-use",
      "version" : "4.0.1",
      "status" : "active",
      "name" : "ContactPointUse",
      "title" : "ContactPointUse",
      "description" : "Use of contact point.",
      "oids" : ["2.16.840.1.113883.4.642.4.74"],
      "uses" : {
      },
      "http://hl7.org/fhir/R4/valueset-contact-point-use.html" : "ContactPointUse"
    },
    {
      "url" : "http://hl7.org/fhir/document-reference-status",
      "version" : "4.0.1",
      "status" : "draft",
      "name" : "DocumentReferenceStatus",
      "title" : "DocumentReferenceStatus",
      "description" : "The status of the document reference.",
      "oids" : ["2.16.840.1.113883.4.642.4.8"],
      "uses" : {
      },
      "http://hl7.org/fhir/R4/valueset-document-reference-status.html" : "DocumentReferenceStatus"
    },
    {
      "url" : "http://hl7.org/fhir/event-status",
      "version" : "4.0.1",
      "status" : "draft",
      "name" : "EventStatus",
      "title" : "EventStatus",
      "description" : "Codes identifying the lifecycle stage of an event.",
      "oids" : ["2.16.840.1.113883.4.642.4.110"],
      "uses" : {
      },
      "http://hl7.org/fhir/R4/valueset-immunization-status.html" : "Immunization Status Codes"
    },
    {
      "url" : "http://hl7.org/fhir/sid/cvx",
      "version" : "4.0.0",
      "status" : "active",
      "name" : "CVX",
      "title" : "Vaccine Administered Code Set (CVX)",
      "description" : "The CDC's National Center of Immunization and Respiratory Diseases (NCIRD - see [https://www.cdc.gov/ncird/](https://www.cdc.gov/ncird/)) developed and maintains the CVX (vaccine administered) code set. It includes both active and inactive vaccines available in the US. CVX codes for inactive vaccines allow transmission of historical immunization records. When a MVX (manufacturer) code is paired with a CVX (vaccine administered) code, the specific trade named vaccine may be indicated. These codes should be used for immunization messages using either HL7 Version 2.3.1 or HL7 Version 2.5.1. CVX is the underlying Master Code System for V2 table 0292 (Vaccines Administered). The machine readable name for CVX in PHIN VADS is PH_VaccinesAdministeredCVX_CDC_NIP. The version of the CVX code set for certification can be found on the archive page:[https://www2a.cdc.gov/vaccines/iis/iisstandards/mu3versioned_codes.asp](https://www2a.cdc.gov/vaccines/iis/iisstandards/mu3versioned_codes.asp) \r\n\r\nThe Status column indicates if the vaccine is currently available in the United States.\r\n\r\n*  Active: A currently available administrable vaccine \r\n\r\n*  Inactive: An administrable vaccine formulation that is no longer available for patient administration, but can be found in historical patient records OR A historical record of a vaccine administered where the exact formulation is unknown \r\n\r\n*  Pending: A vaccine that is expected to become active in the future \r\n\r\n*  Non-US: A vaccine that available outside the US only \r\n\r\n*  Never Active: A vaccine that was never available and is not in the pipeline of new vaccines \r\n\r\nThe Last Updated column indicates the last time this particular vaccine code was updated in this table.\r\n\r\nQuestions regarding this table should be directed to the IIS Technical Assistance Team via iisinfo@cdc.gov (or use mailing address via [https://www2a.cdc.gov/vaccines/iis/iisstandards/vaccines.asp?rpt=cvx#addr](https://www2a.cdc.gov/vaccines/iis/iisstandards/vaccines.asp?rpt=cvx#addr)) \r\n\r\nHL7 Implementers should note that 'Status' IS NOT CONCEPT STATUS as all codes are ACTIVE in this code system.\r\n\r\nThe current code system is available via [https://www2a.cdc.gov/vaccines/iis/iisstandards/vaccines.asp?rpt=cvx](https://www2a.cdc.gov/vaccines/iis/iisstandards/vaccines.asp?rpt=cvx)",
      "oids" : ["2.16.840.1.113883.12.292"],
      "uses" : {
      },
      "https://vsac.nlm.nih.gov/valueset/2.16.840.1.113762.1.4.1010.6/expansion" : "CVX Vaccines Administered Vaccine Set"
    },
    {
      "url" : "http://hl7.org/fhir/sid/icd-10-cm",
      "version" : "2.0.1",
      "status" : "active",
      "name" : "Icd10CM",
      "title" : "International Classification of Diseases, 10th Revision, Clinical Modification (ICD-10-CM)",
      "description" : "The International Classification of Diseases, 10th Revision, Clinical Modification (ICD-10-CM), describes the classification of morbidity and mortality information for statistical purposes and for the indexing of healthcare records by diseases. The ICD-10-CM codes can be used as the value of the Act.cd attribute.",
      "oids" : ["2.16.840.1.113883.6.90"],
      "uses" : {
      },
      "http://hl7.org/fhir/us/core/STU7/ValueSet-us-core-condition-code.html" : "US Core Condition Codes"
    },
    {
      "url" : "http://hl7.org/fhir/sid/icd-9-cm",
      "version" : "3.0.0",
      "status" : "active",
      "name" : "icd9CMProcedureCodes",
      "title" : "ICD-9-CM (procedure codes)",
      "description" : "The International Classification of Diseases, 9th Revision, Clinical Modification (ICD-9-CM), Volumes I, II (diagnoses) and III (procedures) describes the classification of morbidity and mortality information for statistical purposes and for the indexing of healthcare records by diseases and procedures. The ICD-9-CM codes can be used as the value of the Act.cd attribute.",
      "oids" : ["2.16.840.1.113883.6.104"],
      "uses" : {
      },
      "http://hl7.org/fhir/us/core/STU7/ValueSet-us-core-condition-code.html" : "US Core Condition Codes"
    },
    {
      "url" : "http://hl7.org/fhir/us/core/CodeSystem/us-core-category",
      "version" : "7.0.0",
      "status" : "active",
      "name" : "USCoreCategory",
      "title" : "US Core Category",
      "description" : "Category codes used across US Core Profiles and resource types. They are typically used when there is a need for categorization for searching and finding resources or workflow hints.",
      "oids" : ["2.16.840.1.113883.4.642.40.2.16.3"],
      "uses" : {
      },
      "http://hl7.org/fhir/us/core/STU7/ValueSet-us-core-servicerequest-category.html" : "US Core ServiceRequest Category Codes"
    },
    {
      "url" : "http://hl7.org/fhir/us/core/CodeSystem/us-core-provenance-participant-type",
      "version" : "7.0.0",
      "status" : "active",
      "name" : "USCoreProvenancePaticipantTypeExtensionCodes",
      "title" : "US Core Provenance Participant Type Extension Codes",
      "description" : "Set of codes that are needed for implementation of the US-Core Provenance Profile. These codes are used as extensions to the FHIR value sets.",
      "oids" : ["2.16.840.1.113883.4.642.40.2.16.5"],
      "uses" : {
      },
      "http://hl7.org/fhir/us/core/STU7/ValueSet-us-core-provenance-participant-type.html" : "US Core Provenance Participant Type Codes"
    },
    {
      "url" : "http://loinc.org",
      "version" : "3.1.0",
      "status" : "active",
      "name" : "LOINC",
      "title" : "Logical Observation Identifiers, Names and Codes (LOINC)",
      "description" : "LOINC provides a set of universal names and ID codes for identifying laboratory and clinical test results.1,2 LOINC facilitates the exchange and pooling of results, such as blood hemoglobin, serum potassium, or vital signs, for clinical care, outcomes management, and research. LOINC's universal identifiers (names and codes) can be used in the context of order and observation exchanges between information systems that use syntax standards such as HL73, CEN TC251, ISO TC215, ASTM4, and DICOM. Specifically, the identifier can be used as the coded value for an observation in any other standard that uses the observation/observation value paradigm, whether messages, documents, application programming interface (API), etc. For example, LOINC codes are used widely in the OBX segment Observation Identifier field (OBX-3) of an ORU HL7 (HL7 version 2.x or ASTM 1238-9410) message that may be sent between a Clinical Laboratory Information Management Systems (LIMS) and Electronic Health Record Systems (EHR).5, 6 In this way, LOINC codes provide universal identifiers that allow the exchange of clinical data between heterogeneous computing environments.",
      "oids" : ["2.16.840.1.113883.6.1"],
      "uses" : {
      },
      "http://hl7.org/fhir/us/core/STU7/ValueSet-us-core-procedure-code.html" : "US Core Procedure Codes",
      "ValueSet-us-core-clinical-note-type.html" : "US Core Clinical Note Type"
    },
    {
      "url" : "http://snomed.info/sct",
      "version" : null,
      "status" : "active",
      "name" : "SNOMED_CT",
      "title" : "SNOMED CT (all versions)",
      "description" : "SNOMED CT is the most comprehensive and precise clinical health terminology product in the world, owned and distributed around the world by The International Health Terminology Standards Development Organisation (IHTSDO).",
      "oids" : ["2.16.840.1.113883.6.96"],
      "uses" : {
      },
      "http://hl7.org/fhir/us/core/STU7/ValueSet-us-core-servicerequest-category.html" : "US Core ServiceRequest Category Codes",
      "http://hl7.org/fhir/us/core/STU7/ValueSet-us-core-procedure-code.html" : "US Core Procedure Codes",
      "ValueSet-us-core-adi-finding.html" : "US Core ADI Finding",
      "http://hl7.org/fhir/R4/valueset-route-codes.html" : "SNOMED CT Route Codes",
      "http://hl7.org/fhir/us/core/STU7/ValueSet-us-core-encounter-type.html" : "US Core Encounter Type",
      "http://hl7.org/fhir/us/core/STU7/ValueSet-us-core-condition-code.html" : "US Core Condition Codes",
      "http://hl7.org/fhir/R4/valueset-immunization-status-reason.html" : "Immunization Status Reason Codes"
    },
    {
      "url" : "http://terminology.hl7.org/CodeSystem/medicationrequest-category",
      "version" : "1.0.0",
      "status" : "draft",
      "name" : "MedicationRequestCategoryCodes",
      "title" : "MedicationRequest Category Codes",
      "description" : "MedicationRequest Category Codes",
      "oids" : ["2.16.840.1.113883.4.642.1.1323"],
      "uses" : {
      },
      "http://hl7.org/fhir/R4/valueset-medicationrequest-category.html" : "Medication request  category  codes"
    },
    {
      "url" : "http://terminology.hl7.org/CodeSystem/v2-0532",
      "version" : "2.1.0",
      "status" : "active",
      "name" : "ExpandedYesNoIndicator",
      "title" : "expandedYes-NoIndicator",
      "description" : "HL7-defined code system of concepts used to specify an expansion on the original Yes/No indicator table by including \"flavors of null\".  It is intended to be applied to fields where the response is not limited to \"yes\" or \"no\".  Used in numerous locations in HL7 Version 2.x messaging.",
      "oids" : ["2.16.840.1.113883.18.347"],
      "uses" : {
      },
      "http://terminology.hl7.org/5.0.0/ValueSet-yes-no-unknown-not-asked.html" : "Yes No Unknown NotAsked"
    },
    {
      "url" : "http://terminology.hl7.org/CodeSystem/v3-ActCode",
      "version" : "9.0.0",
      "status" : "active",
      "name" : "ActCode",
      "title" : "ActCode",
      "description" : "A code specifying the particular kind of Act that the Act-instance represents within its class.\r\n\r\n*Constraints:* The kind of Act (e.g. physical examination, serum potassium, inpatient encounter, charge financial transaction, etc.) is specified with a code from one of several, typically external, coding systems. The coding system will depend on the class of Act, such as LOINC for observations, etc.\r\n\r\nConceptually, the Act.code must be a specialization of the Act.classCode. This is why the structure of ActClass domain should be reflected in the superstructure of the ActCode domain and then individual codes or externally referenced vocabularies subordinated under these domains that reflect the ActClass structure.\r\n\r\nAct.classCode and Act.code are not modifiers of each other but the Act.code concept should really imply the Act.classCode concept. For a negative example, it is not appropriate to use an Act.code \"potassium\" together with and Act.classCode for \"laboratory observation\" to somehow mean \"potassium laboratory observation\" and then use the same Act.code for \"potassium\" together with Act.classCode for \"medication\" to mean \"substitution of potassium\". This mutually modifying use of Act.code and Act.classCode is not permitted.",
      "oids" : ["2.16.840.1.113883.5.4"],
      "uses" : {
      },
      "http://terminology.hl7.org/5.5.0/ValueSet-v3-ActPharmacySupplyType.html" : "ActPharmacySupplyType"
    },
    {
      "url" : "http://terminology.hl7.org/CodeSystem/v3-ActReason",
      "version" : "3.1.0",
      "status" : "active",
      "name" : "ActReason",
      "title" : "ActReason",
      "description" : "A set of codes specifying the motivation, cause, or rationale of an Act, when such rationale is not reasonably represented as an ActRelationship of type \"has reason\" linking to another Act.\r\n\r\n*Examples:* Example reasons that might qualify for being coded in this field might be: \"routine requirement\", \"infectious disease reporting requirement\", \"on patient request\", \"required by law\".",
      "oids" : ["2.16.840.1.113883.5.8"],
      "uses" : {
      },
      "http://hl7.org/fhir/R4/valueset-immunization-status-reason.html" : "Immunization Status Reason Codes"
    },
    {
      "url" : "http://terminology.hl7.org/CodeSystem/v3-HL7DocumentFormatCodes",
      "version" : "4.0.0",
      "status" : "active",
      "name" : "HL7DocumentFormatCodes",
      "title" : "HL7 Document Format Codes",
      "description" : "This codeSystem contains codes which specify the technical format of a document. Each code provides sufficient information to allow any potential document consumer to know if it will be able to process the document. The codes are sufficiently specific to ensure processing/display by identifying a document encoding, structure and template. For example, formatCodes can be used in the FHIR DocumentReference resource to characterize the document being referenced.",
      "oids" : ["2.16.840.1.113883.4.642.1.1407"],
      "uses" : {
      },
      "http://terminology.hl7.org/6.0.2/ValueSet-v3-HL7FormatCodes.html" : "HL7 ValueSet of Format Codes for use with Document Sharing"
    },
    {
      "url" : "http://terminology.hl7.org/CodeSystem/v3-RoleCode",
      "version" : "3.0.0",
      "status" : "active",
      "name" : "RoleCode",
      "title" : "RoleCode",
      "description" : "A set of codes further specifying the kind of Role; specific classification codes for further qualifying RoleClass codes.",
      "oids" : ["2.16.840.1.113883.5.111"],
      "uses" : {
      },
      "http://hl7.org/cda/stds/core/2.0.0-sd/ValueSet-CDARoleCode.html" : "CDARoleCode",
      "https://vsac.nlm.nih.gov/valueset/2.16.840.1.113883.11.20.12.1/expansion" : "Personal And Legal Relationship Role Type"
    },
    {
      "url" : "http://unitsofmeasure.org",
      "version" : "3.0.1",
      "status" : "active",
      "name" : "UCUM",
      "title" : "Unified Code for Units of Measure (UCUM)",
      "description" : "The Unified Code for Units of Measure (UCUM) is a code system intended to include all units of measures being contemporarily used in international science, engineering, and business. The purpose is to facilitate unambiguous electronic communication of quantities together with their units. The focus is on electronic communication, as opposed to communication between humans. A typical application of The Unified Code for Units of Measure are electronic data interchange (EDI) protocols, but there is nothing that prevents it from being used in other types of machine communication.",
      "oids" : ["2.16.840.1.113883.6.8"],
      "uses" : {
      },
      "http://hl7.org/fhir/R4/valueset-ucum-common.html" : "Common UCUM units"
    },
    {
      "url" : "http://www.ada.org/cdt",
      "version" : "3.0.1",
      "status" : "active",
      "name" : "CDT",
      "title" : "Code on Dental Procedures and Nomenclature",
      "description" : "The purpose of the CDT Code is to achieve uniformity, consistency and specificity in accurately documenting dental treatment. One use of the CDT Code is to provide for the efficient processing of dental claims, and another is to populate an Electronic Health Record.",
      "oids" : ["2.16.840.1.113883.6.13"],
      "uses" : {
      },
      "http://hl7.org/fhir/us/core/STU7/ValueSet-us-core-procedure-code.html" : "US Core Procedure Codes"
    },
    {
      "url" : "http://www.ama-assn.org/go/cpt",
      "version" : "3.0.1",
      "status" : "active",
      "name" : "CPT",
      "title" : "Current Procedural Terminology (CPT®)",
      "description" : "The Current Procedural Terminology (CPT) code set, created and maintained by the American Medical Association, is the language of medicine today and the code to its future. This system of terminology is the most widely accepted medical nomenclature used to report medical procedures and services under public and private health insurance programs. CPT coding is also used for administrative management purposes such as claims processing and developing guidelines for medical care review. Each year, via a rigorous, evidence-based and transparent process, the independent CPT Editorial Panel revises, creates or deletes hundreds of codes in order to reflect current medical practice.\r\n\r\nDesignated by the U.S. Department of Health and Human Services under the Health Insurance Portability and Accountability Act (HIPAA) as a national coding set for physician and other health care professional services and procedures, CPT’s evidence-based codes accurately encompass the full range of health care services.\r\n\r\nAll CPT codes are five-digits and can be either numeric or alphanumeric, depending on the category. CPT code descriptors are clinically focused and utilize common standards so that a diverse set of users can have common understanding across the clinical health care paradigm.\r\n\r\nThere are various types of CPT codes:\r\n\r\nCategory I: These codes have descriptors that correspond to a procedure or service. Codes range from 00100–99499 and are generally ordered into sub-categories based on procedure/service type and anatomy.\r\n\r\nCategory II: These alphanumeric tracking codes are supplemental codes used for performance measurement. Using them is optional and not required for correct coding.\r\n\r\nCategory III: These are temporary alphanumeric codes for new and developing technology, procedures and services. They were created for data collection, assessment and in some instances, payment of new services and procedures that currently don’t meet the criteria for a Category I code.\r\n\r\nProprietary Laboratory Analyses (PLA) codes: These codes describe proprietary clinical laboratory analyses and can be either provided by a single (“solesource”) laboratory or licensed or marketed to multiple providing laboratories that are cleared or approved by the Food and Drug Administration (FDA)). This category includes but is not limited to Advanced Diagnostic Laboratory Tests (ADLTs) and Clinical Diagnostic Laboratory Tests (CDLTs), as defined under the Protecting Access to Medicare Act of 2014 (PAMA).",
      "oids" : ["2.16.840.1.113883.6.12"],
      "uses" : {
      },
      "http://hl7.org/fhir/us/core/STU7/ValueSet-us-core-procedure-code.html" : "US Core Procedure Codes",
      "http://hl7.org/fhir/us/core/STU7/ValueSet-us-core-encounter-type.html" : "US Core Encounter Type"
    },
    {
      "url" : "http://www.cms.gov/Medicare/Coding/ICD10",
      "version" : "2.0.1",
      "status" : "active",
      "name" : "Icd10PCS",
      "title" : "ICD-10 Procedure Codes",
      "description" : "ICD Procedure Coding System (ICD 10 PCS)",
      "oids" : ["2.16.840.1.113883.6.4"],
      "uses" : {
      },
      "http://hl7.org/fhir/us/core/STU7/ValueSet-us-core-procedure-code.html" : "US Core Procedure Codes"
    },
    {
      "url" : "https://www.cms.gov/Medicare/Coding/HCPCSReleaseCodeSets",
      "version" : "1.0.1",
      "status" : "active",
      "name" : "HCPCSLevelII",
      "title" : "Healthcare Common Procedure Coding System (HCPCS) level II alphanumeric codes",
      "description" : "The Level II HCPCS codes, which are established by CMS's Alpha-Numeric Editorial Panel, primarily represent items and supplies and non-physician services not covered by the American Medical Association's Current Procedural Terminology-4 (CPT-4) codes; Medicare, Medicaid, and private health insurers use HCPCS procedure and modifier codes for claims processing.  Level II alphanumeric procedure and modifier codes comprise the A to V range.",
      "oids" : ["2.16.840.1.113883.6.285"],
      "uses" : {
      },
      "http://hl7.org/fhir/us/core/STU7/ValueSet-us-core-procedure-code.html" : "US Core Procedure Codes"
    },
    {
      "url" : "https://www.nubc.org/CodeSystem/PatDischargeStatus",
      "version" : "1.0.0",
      "status" : "active",
      "name" : "AHA_NUBC_PatientDischargeStatus",
      "title" : "AHA NUBC Patient Discharge Status Codes",
      "description" : "\"The UB-04 Data File contains the complete set of NUBC codes. Every code in the range of possible codes is accounted for sequentially. There are no gaps because all used and unused codes are identified.\"\r\n\r\nThis code system consists of the following:\r\n\r\n\\* FL 17 - Patient Discharge Status\r\n\r\nThese codes are used to convey the patient discharge status and are the property of the American Hospital Association.\r\n\r\nTo obtain the underlying code systems, please see information [here](https://www.nubc.org/subscription-information)\r\n\r\nStatement of Understanding between AHA and HL7 can be found [here](http://www.hl7.org/documentcenter/public/mou/AHA%20HL7%20SOU%202020%20AHA%20Fully%20Executed.pdf). In particular see sections 4.1d and 4.2.\r\n\r\n\"The UB-04 Manual has a 12-month subscription period from June 30 through July 1.\"\r\n\r\nFor frequently asked questions, see here [here](https://www.nubc.org/nubc-faqs)",
      "oids" : ["2.16.840.1.113883.6.301.5"],
      "uses" : {
      },
      "http://hl7.org/fhir/us/core/STU7/ValueSet-us-core-discharge-disposition.html" : "US Core Discharge Disposition"
    },
    {
      "url" : "urn:ietf:bcp:47",
      "version" : "2.0.1",
      "status" : "active",
      "name" : "Ietf3066",
      "title" : "Tags for the Identification of Languages",
      "description" : "Older value from OID registry.  Superceded; see recommendations in BCP-47.",
      "oids" : ["2.16.840.1.113883.6.121"],
      "uses" : {
      },
      "http://hl7.org/fhir/us/core/STU7/ValueSet-simple-language.html" : "Language codes with language and optionally a region modifier"
    }
  ]
}
