{
  "resourceType" : "Encounter",
  "id" : "example-1",
  "meta" : {
    "extension" : [{
      "url" : "http://hl7.org/fhir/StructureDefinition/instance-name",
      "valueString" : "Encounter 1 Example"
    },
    {
      "url" : "http://hl7.org/fhir/StructureDefinition/instance-description",
      "valueMarkdown" : "This is a encounter 1 example for the *US Core Encounter Profile*."
    }],
    "lastUpdated" : "2024-01-28T16:06:21-08:00",
    "profile" : ["http://hl7.org/fhir/us/core/StructureDefinition/us-core-encounter"]
  },
  "text" : {
    "status" : "extensions",
    "div" : "<div xmlns=\"http://www.w3.org/1999/xhtml\"><p class=\"res-header-id\"><b>Generated Narrative: Encounter example-1</b></p><a name=\"example-1\"> </a><a name=\"hcexample-1\"> </a><a name=\"example-1-en-US\"> </a><div style=\"display: inline-block; background-color: #d9e0e7; padding: 6px; margin: 4px; border: 1px solid #8da1b4; border-radius: 5px; line-height: 60%\"><p style=\"margin-bottom: 0px\">Last updated: 2024-01-28 16:06:21-0800</p><p style=\"margin-bottom: 0px\">Profile: <a href=\"http://hl7.org/fhir/us/core/STU7/StructureDefinition-us-core-encounter.html\">US Core Encounter Profile</a></p></div><p><b>US Core Interpreter Required Extension</b>: <a href=\"http://snomed.info/id/373066001\">SNOMED CT 373066001</a>: Yes (qualifier value)</p><p><b>status</b>: Finished</p><p><b>class</b>: <a href=\"http://terminology.hl7.org/5.5.0/CodeSystem-v3-ActCode.html#v3-ActCode-AMB\">ActCode AMB</a>: ambulatory</p><p><b>type</b>: <span title=\"Codes:{http://www.ama-assn.org/go/cpt 99211}\">Office Visit</span></p><p><b>subject</b>: <a href=\"Patient-example.html\">Amy V. Baxter  Female, DoB: 1987-02-20 ( Medical Record Number:\u00a01032702\u00a0(use:\u00a0usual,\u00a0))</a></p><p><b>period</b>: 2015-11-01 17:00:14-0500 --&gt; 2015-11-01 18:00:14-0500</p><h3>Locations</h3><table class=\"grid\"><tr><td style=\"display: none\">-</td><td><b>Location</b></td></tr><tr><td style=\"display: none\">*</td><td><a href=\"https://simplifier.net/resolve?scope=hl7.fhir.us.core.3.1.1@3.1.1&amp;canonical=http://hl7.org/fhir/us/core/Location/hospital\">Holy Family Hospital</a></td></tr></table></div>"
  },
  "extension" : [{
    "url" : "http://hl7.org/fhir/us/uscdi5-sandbox/StructureDefinition/us-core-interpreter-required",
    "valueCoding" : {
      "system" : "http://snomed.info/sct",
      "code" : "373066001"
    }
  }],
  "status" : "finished",
  "class" : {
    "system" : "http://terminology.hl7.org/CodeSystem/v3-ActCode",
    "code" : "AMB",
    "display" : "ambulatory"
  },
  "type" : [{
    "coding" : [{
      "system" : "http://www.ama-assn.org/go/cpt",
      "code" : "99211"
    }],
    "text" : "Office Visit"
  }],
  "subject" : {
    "reference" : "Patient/example"
  },
  "period" : {
    "start" : "2015-11-01T17:00:14-05:00",
    "end" : "2015-11-01T18:00:14-05:00"
  },
  "location" : [{
    "location" : {
      "reference" : "Location/hospital",
      "display" : "Holy Family Hospital"
    }
  }]
}