<?xml version="1.0" encoding="UTF-8"?>

<Bundle xmlns="http://hl7.org/fhir">
  <id value="11737223-3620-42ab-80e0-960d96241d20"/>
  <meta>
    <lastUpdated value="2024-08-19T07:12:36.707+00:00"/>
  </meta>
  <type value="collection"/>
  <entry>
    <fullUrl value="http://hl7.org/fhir/us/core/ValueSet/us-core-adi-finding"/>
    <resource>
      <ValueSet>
        <text>
          <status value="generated"/>
          <div xmlns="http://www.w3.org/1999/xhtml">
            <p class="res-header-id">
              <b>Generated Narrative: ValueSet </b>
            </p>
            <p style="border: black 1px dotted; background-color: #EEEEEE; padding: 8px; margin-bottom: 8px">Expansion based on SNOMED CT United States edition 01-Mar 2024</p>
            <p>This value set contains 4 concepts</p>
            <table class="codes">
              <tr>
                <td style="white-space:nowrap">
                  <b>Code</b>
                </td>
                <td>
                  <b>System</b>
                </td>
                <td>
                  <b>Display</b>
                </td>
              </tr>
              <tr>
                <td style="white-space:nowrap">
                  <a name="x-http://snomed.info/sct-449891000124104"> </a>  
                  <a href="http://snomed.info/id/449891000124104">449891000124104</a>
                </td>
                <td>http://snomed.info/sct</td>
                <td>No advance directive (finding)</td>
              </tr>
              <tr>
                <td style="white-space:nowrap">
                  <a name="x-http://snomed.info/sct-425392003"> </a>  
                  <a href="http://snomed.info/id/425392003">425392003</a>
                </td>
                <td>http://snomed.info/sct</td>
                <td>Active advance directive (finding)</td>
              </tr>
              <tr>
                <td style="white-space:nowrap">
                  <a name="x-http://snomed.info/sct-304253006"> </a>  
                  <a href="http://snomed.info/id/304253006">304253006</a>
                </td>
                <td>http://snomed.info/sct</td>
                <td>Not for resuscitation</td>
              </tr>
              <tr>
                <td style="white-space:nowrap">
                  <a name="x-http://snomed.info/sct-697978002"> </a>  
                  <a href="http://snomed.info/id/697978002">697978002</a>
                </td>
                <td>http://snomed.info/sct</td>
                <td>Provider orders for life-sustaining treatment</td>
              </tr>
            </table>
          </div>
        </text>
        <url value="http://hl7.org/fhir/us/core/ValueSet/us-core-adi-finding"/>
        <version value="0.0.0"/>
        <name value="USCoreADIFinding"/>
        <title value="US Core ADI Finding"/>
        <status value="active"/>
        <experimental value="false"/>
        <date value="2024-05-30"/>
        <jurisdiction>
          <coding>
            <system value="urn:iso:std:iso:3166"/>
            <code value="US"/>
          </coding>
        </jurisdiction>
        <expansion>
          <identifier value="urn:uuid:2ba07ab5-052e-41f5-85de-956389ff8df1"/>
          <timestamp value="2024-08-19T07:14:13+00:00"/>
          <total value="4"/>
          <offset value="0"/>
          <parameter>
            <name value="count"/>
            <valueInteger value="1000"/>
          </parameter>
          <parameter>
            <name value="offset"/>
            <valueInteger value="0"/>
          </parameter>
          <parameter>
            <name value="excludeNested"/>
            <valueBoolean value="false"/>
          </parameter>
          <parameter>
            <name value="used-valueset"/>
            <valueUri value="null"/>
          </parameter>
          <parameter>
            <name value="used-codesystem"/>
            <valueUri value="http://snomed.info/sct|http://snomed.info/sct/731000124108/version/20240301"/>
          </parameter>
          <parameter>
            <name value="version"/>
            <valueUri value="http://snomed.info/sct|http://snomed.info/sct/731000124108/version/20240301"/>
          </parameter>
          <contains>
            <system value="http://snomed.info/sct"/>
            <code value="449891000124104"/>
            <display value="No advance directive (finding)"/>
          </contains>
          <contains>
            <system value="http://snomed.info/sct"/>
            <code value="425392003"/>
            <display value="Active advance directive (finding)"/>
          </contains>
          <contains>
            <system value="http://snomed.info/sct"/>
            <code value="304253006"/>
            <display value="Not for resuscitation"/>
          </contains>
          <contains>
            <system value="http://snomed.info/sct"/>
            <code value="697978002"/>
            <display value="Provider orders for life-sustaining treatment"/>
          </contains>
        </expansion>
      </ValueSet>
    </resource>
  </entry>
  <entry>
    <fullUrl value="http://hl7.org/fhir/us/core/ValueSet/us-core-clinical-note-type"/>
    <resource>
      <ValueSet>
        <text>
          <status value="generated"/>
          <div xmlns="http://www.w3.org/1999/xhtml">
            <p class="res-header-id">
              <b>Generated Narrative: ValueSet </b>
            </p>
            <p style="border: black 1px dotted; background-color: #EEEEEE; padding: 8px; margin-bottom: 8px">Expansion based on Loinc v2.77</p>
            <p>This value set contains 11 concepts</p>
            <table class="codes">
              <tr>
                <td style="white-space:nowrap">
                  <b>Code</b>
                </td>
                <td>
                  <b>System</b>
                </td>
                <td>
                  <b>Display</b>
                </td>
              </tr>
              <tr>
                <td style="white-space:nowrap">
                  <a name="x-http://loinc.org-18842-5"> </a>  
                  <a href="https://loinc.org/18842-5/">18842-5</a>
                </td>
                <td>http://loinc.org</td>
                <td>Discharge summary</td>
              </tr>
              <tr>
                <td style="white-space:nowrap">
                  <a name="x-http://loinc.org-11488-4"> </a>  
                  <a href="https://loinc.org/11488-4/">11488-4</a>
                </td>
                <td>http://loinc.org</td>
                <td>Consult note</td>
              </tr>
              <tr>
                <td style="white-space:nowrap">
                  <a name="x-http://loinc.org-34117-2"> </a>  
                  <a href="https://loinc.org/34117-2/">34117-2</a>
                </td>
                <td>http://loinc.org</td>
                <td>History and physical note</td>
              </tr>
              <tr>
                <td style="white-space:nowrap">
                  <a name="x-http://loinc.org-11506-3"> </a>  
                  <a href="https://loinc.org/11506-3/">11506-3</a>
                </td>
                <td>http://loinc.org</td>
                <td>Progress note</td>
              </tr>
              <tr>
                <td style="white-space:nowrap">
                  <a name="x-http://loinc.org-28570-0"> </a>  
                  <a href="https://loinc.org/28570-0/">28570-0</a>
                </td>
                <td>http://loinc.org</td>
                <td>Procedure note</td>
              </tr>
              <tr>
                <td style="white-space:nowrap">
                  <a name="x-http://loinc.org-18748-4"> </a>  
                  <a href="https://loinc.org/18748-4/">18748-4</a>
                </td>
                <td>http://loinc.org</td>
                <td>Diagnostic imaging study</td>
              </tr>
              <tr>
                <td style="white-space:nowrap">
                  <a name="x-http://loinc.org-11502-2"> </a>  
                  <a href="https://loinc.org/11502-2/">11502-2</a>
                </td>
                <td>http://loinc.org</td>
                <td>Laboratory report</td>
              </tr>
              <tr>
                <td style="white-space:nowrap">
                  <a name="x-http://loinc.org-11526-1"> </a>  
                  <a href="https://loinc.org/11526-1/">11526-1</a>
                </td>
                <td>http://loinc.org</td>
                <td>Pathology study</td>
              </tr>
              <tr>
                <td style="white-space:nowrap">
                  <a name="x-http://loinc.org-11504-8"> </a>  
                  <a href="https://loinc.org/11504-8/">11504-8</a>
                </td>
                <td>http://loinc.org</td>
                <td>Surgical operation note</td>
              </tr>
              <tr>
                <td style="white-space:nowrap">
                  <a name="x-http://loinc.org-34111-5"> </a>  
                  <a href="https://loinc.org/34111-5/">34111-5</a>
                </td>
                <td>http://loinc.org</td>
                <td>Emergency department Note</td>
              </tr>
              <tr>
                <td style="white-space:nowrap">
                  <a name="x-http://loinc.org-42348-3"> </a>  
                  <a href="https://loinc.org/42348-3/">42348-3</a>
                </td>
                <td>http://loinc.org</td>
                <td>Advance directives</td>
              </tr>
            </table>
          </div>
        </text>
        <url value="http://hl7.org/fhir/us/core/ValueSet/us-core-clinical-note-type"/>
        <version value="0.0.0"/>
        <name value="USCoreClinicalNoteType"/>
        <title value="US Core Clinical Note Type"/>
        <status value="active"/>
        <experimental value="false"/>
        <date value="2024-05-14"/>
        <jurisdiction>
          <coding>
            <system value="urn:iso:std:iso:3166"/>
            <code value="US"/>
          </coding>
        </jurisdiction>
        <expansion>
          <identifier value="urn:uuid:2b085af6-d2ed-4eb5-b50a-73ba069848f4"/>
          <timestamp value="2024-08-19T07:14:14+00:00"/>
          <total value="11"/>
          <offset value="0"/>
          <parameter>
            <name value="count"/>
            <valueInteger value="1000"/>
          </parameter>
          <parameter>
            <name value="offset"/>
            <valueInteger value="0"/>
          </parameter>
          <parameter>
            <name value="excludeNested"/>
            <valueBoolean value="false"/>
          </parameter>
          <parameter>
            <name value="used-valueset"/>
            <valueUri value="null"/>
          </parameter>
          <parameter>
            <name value="used-codesystem"/>
            <valueUri value="http://loinc.org|2.77"/>
          </parameter>
          <parameter>
            <name value="version"/>
            <valueUri value="http://loinc.org|2.77"/>
          </parameter>
          <contains>
            <system value="http://loinc.org"/>
            <code value="18842-5"/>
            <display value="Discharge summary"/>
          </contains>
          <contains>
            <system value="http://loinc.org"/>
            <code value="11488-4"/>
            <display value="Consult note"/>
          </contains>
          <contains>
            <system value="http://loinc.org"/>
            <code value="34117-2"/>
            <display value="History and physical note"/>
          </contains>
          <contains>
            <system value="http://loinc.org"/>
            <code value="11506-3"/>
            <display value="Progress note"/>
          </contains>
          <contains>
            <system value="http://loinc.org"/>
            <code value="28570-0"/>
            <display value="Procedure note"/>
          </contains>
          <contains>
            <system value="http://loinc.org"/>
            <code value="18748-4"/>
            <display value="Diagnostic imaging study"/>
          </contains>
          <contains>
            <system value="http://loinc.org"/>
            <code value="11502-2"/>
            <display value="Laboratory report"/>
          </contains>
          <contains>
            <system value="http://loinc.org"/>
            <code value="11526-1"/>
            <display value="Pathology study"/>
          </contains>
          <contains>
            <system value="http://loinc.org"/>
            <code value="11504-8"/>
            <display value="Surgical operation note"/>
          </contains>
          <contains>
            <system value="http://loinc.org"/>
            <code value="34111-5"/>
            <display value="Emergency department Note"/>
          </contains>
          <contains>
            <system value="http://loinc.org"/>
            <code value="42348-3"/>
            <display value="Advance directives"/>
          </contains>
        </expansion>
      </ValueSet>
    </resource>
  </entry>
  <entry>
    <fullUrl value="http://www.fhir.org/guides/uscdi5-sandbox/ValueSet/foo-bar"/>
    <resource>
      <ValueSet>
        <text>
          <status value="generated"/>
          <div xmlns="http://www.w3.org/1999/xhtml">
            <p class="res-header-id">
              <b>Generated Narrative: ValueSet </b>
            </p>
            <p style="border: black 1px dotted; background-color: #EEEEEE; padding: 8px; margin-bottom: 8px">Expansion based on 
              <a href="CodeSystem-foo-bar.html">codesystem Foo Bar Test Code System v0.0.0 (CodeSystem)</a>
            </p>
            <p>This value set contains 2 concepts</p>
            <table class="codes">
              <tr>
                <td style="white-space:nowrap">
                  <b>Code</b>
                </td>
                <td>
                  <b>System</b>
                </td>
                <td>
                  <b>Display</b>
                </td>
                <td>
                  <b>Definition</b>
                </td>
              </tr>
              <tr>
                <td style="white-space:nowrap">
                  <a name="x-http://www.fhir.org/guides/uscdi5-sandbox/CodeSystem/foo-bar-foo"> </a>  
                  <a href="CodeSystem-foo-bar.html#foo-bar-foo">foo</a>
                </td>
                <td>http://www.fhir.org/guides/uscdi5-sandbox/CodeSystem/foo-bar</td>
                <td>foo</td>
                <td>
                  <div>
                    <p>Foo</p>

                  </div>
                </td>
              </tr>
              <tr>
                <td style="white-space:nowrap">
                  <a name="x-http://www.fhir.org/guides/uscdi5-sandbox/CodeSystem/foo-bar-bar"> </a>  
                  <a href="CodeSystem-foo-bar.html#foo-bar-bar">bar</a>
                </td>
                <td>http://www.fhir.org/guides/uscdi5-sandbox/CodeSystem/foo-bar</td>
                <td>bar</td>
                <td>
                  <div>
                    <p>Bar</p>

                  </div>
                </td>
              </tr>
            </table>
          </div>
        </text>
        <url value="http://www.fhir.org/guides/uscdi5-sandbox/ValueSet/foo-bar"/>
        <version value="0.0.0"/>
        <name value="FooBar"/>
        <title value="Foo Bar Test Value Set"/>
        <status value="active"/>
        <experimental value="true"/>
        <date value="2024-07-25"/>
        <jurisdiction>
          <coding>
            <system value="urn:iso:std:iso:3166"/>
            <code value="US"/>
          </coding>
        </jurisdiction>
        <expansion>
          <identifier value="urn:uuid:866105d6-8f85-4100-9fe4-f8786e1e2e18"/>
          <timestamp value="2024-08-19T07:14:15+00:00"/>
          <total value="2"/>
          <offset value="0"/>
          <parameter>
            <name value="count"/>
            <valueInteger value="1000"/>
          </parameter>
          <parameter>
            <name value="offset"/>
            <valueInteger value="0"/>
          </parameter>
          <parameter>
            <name value="excludeNested"/>
            <valueBoolean value="false"/>
          </parameter>
          <parameter>
            <name value="used-codesystem"/>
            <valueUri value="http://www.fhir.org/guides/uscdi5-sandbox/CodeSystem/foo-bar|0.0.0"/>
          </parameter>
          <contains>
            <system value="http://www.fhir.org/guides/uscdi5-sandbox/CodeSystem/foo-bar"/>
            <code value="foo"/>
            <display value="foo"/>
          </contains>
          <contains>
            <system value="http://www.fhir.org/guides/uscdi5-sandbox/CodeSystem/foo-bar"/>
            <code value="bar"/>
            <display value="bar"/>
          </contains>
        </expansion>
      </ValueSet>
    </resource>
  </entry>
</Bundle>