<?xml version="1.0" encoding="UTF-8"?>

<Immunization xmlns="http://hl7.org/fhir">
  <id value="imm-1"/>
  <meta>
    <extension url="http://hl7.org/fhir/StructureDefinition/instance-name">
      <valueString value="Imm 1 Example"/>
    </extension>
    <extension url="http://hl7.org/fhir/StructureDefinition/instance-description">
      <valueMarkdown value="This is a imm 1 example for the *US Core Immunization Profile*."/>
    </extension>
    <profile value="http://hl7.org/fhir/us/core/StructureDefinition/us-core-immunization"/>
  </meta>
  <text>
    <status value="generated"/><div xmlns="http://www.w3.org/1999/xhtml"><p><b>Generated Narrative: Immunization</b><a name="imm-1"> </a><a name="hcimm-1"> </a></p><div style="display: inline-block; background-color: #d9e0e7; padding: 6px; margin: 4px; border: 1px solid #8da1b4; border-radius: 5px; line-height: 60%"><p style="margin-bottom: 0px">ResourceImmunization &quot;imm-1&quot; </p><p style="margin-bottom: 0px">Profile: <a href="http://hl7.org/fhir/us/core/STU7/StructureDefinition-us-core-immunization.html">US Core Immunization Profile</a></p></div><p><b>status</b>: completed</p><p><b>vaccineCode</b>: influenza, high-dose, quadrivalent <span style="background: LightGoldenRodYellow; margin: 4px; border: 1px solid khaki"> (<a href="http://terminology.hl7.org/5.3.0/CodeSystem-CVX.html">Vaccine Administered Code Set (CVX)</a>#197; <a href="http://terminology.hl7.org/5.3.0/CodeSystem-v3-ndc.html">National drug codes</a>#49281012165 &quot;FLUZONE High-Dose Quadrivalent Northern Hemisphere, 10 SYRINGE, GLASS in 1 PACKAGE (49281-121-65) &gt; .7 mL in 1 SYRINGE, GLASS (49281-121-88) (package)&quot;)</span></p><p><b>patient</b>: <a href="http://hl7.org/fhir/us/core/STU7/Patient-example.html">Patient/example: Amy Shaw</a></p><p><b>encounter</b>: <a href="http://hl7.org/fhir/us/core/STU7/Encounter-example-1.html">Encounter/example-1: Office Visit</a></p><p><b>occurrence</b>: 2020-11-19 12:46:57-0800</p><p><b>primarySource</b>: false</p><p><b>location</b>: <a href="http://hl7.org/fhir/us/core/STU7/Location-hospital.html">Location/hospital: Holy Family Hospital</a></p><p><b>lotNumber</b>: AAJN11K</p></div>
  </text>
  <status value="completed"/>
  <vaccineCode>
    <coding>
      <system value="http://hl7.org/fhir/sid/cvx"/>
      <code value="197"/>
      <display value="influenza, high-dose, quadrivalent"/>
    </coding>
    <coding>
      <system value="http://hl7.org/fhir/sid/ndc"/>
      <code value="49281012165"/>
      <display value="FLUZONE High-Dose Quadrivalent Northern Hemisphere, 10 SYRINGE, GLASS in 1 PACKAGE (49281-121-65) &gt; .7 mL in 1 SYRINGE, GLASS (49281-121-88) (package)"/>
    </coding>
    <text value="influenza, high-dose, quadrivalent"/>
  </vaccineCode>
  <patient>
    <reference value="Patient/example"/>
    <display value="Amy Shaw"/>
  </patient>
  <encounter>
    <reference value="Encounter/example-1"/>
    <display value="Office Visit"/>
  </encounter>
  <occurrenceDateTime value="2020-11-19T12:46:57-08:00"/>
  <primarySource value="false"/>
  <location>
    <reference value="Location/hospital"/>
    <display value="Holy Family Hospital"/>
  </location>
  <lotNumber value="AAJN11K"/>
</Immunization>