<?xml version="1.0" encoding="UTF-8"?>

<Observation xmlns="http://hl7.org/fhir">
  <id value="ADI-example"/>
  <meta>
    <extension url="http://hl7.org/fhir/StructureDefinition/instance-name">
      <valueString value="ADI Observation Example"/>
    </extension>
    <extension url="http://hl7.org/fhir/StructureDefinition/instance-description">
      <valueMarkdown value="This is a Observation example for the USCDI5 ADI Observation Data Element"/>
    </extension>
  </meta>
  <text>
    <status value="generated"/><div xmlns="http://www.w3.org/1999/xhtml"><p><b>Generated Narrative: Observation</b><a name="ADI-example"> </a><a name="hcADI-example"> </a></p><div style="display: inline-block; background-color: #d9e0e7; padding: 6px; margin: 4px; border: 1px solid #8da1b4; border-radius: 5px; line-height: 60%"><p style="margin-bottom: 0px">ResourceObservation &quot;ADI-example&quot; </p></div><p><b>status</b>: final</p><p><b>code</b>: Advance directives <span style="background: LightGoldenRodYellow; margin: 4px; border: 1px solid khaki"> (<a href="https://loinc.org/">LOINC</a>#42348-3)</span></p><p><b>subject</b>: <a href="Patient-example.html">Patient/example</a> &quot; SHAW&quot;</p><p><b>focus</b>: <a href="DocumentReference-example-patient-adi.html">DocumentReference/example-patient-adi: Person-Authored Advance Directive</a></p><p><b>effective</b>: 2024-05-16 01:06:06+0000</p><p><b>performer</b>: <a href="Patient-example.html">Patient/example</a> &quot; SHAW&quot;</p><p><b>value</b>: Active advance directive (finding) <span style="background: LightGoldenRodYellow; margin: 4px; border: 1px solid khaki"> (<a href="https://browser.ihtsdotools.org/">SNOWMED CT</a>#425392003)</span></p></div>
  </text>
  <status value="final"/>
  <code>
    <coding>
      <system value="http://loinc.org"/>
      <code value="42348-3"/>
      <display value="Advance directives"/>
    </coding>
  </code>
  <subject>
    <reference value="Patient/example"/>
  </subject>
  <focus>
    <reference value="DocumentReference/example-patient-adi"/>
    <display value="Person-Authored Advance Directive"/>
  </focus>
  <effectiveDateTime value="2024-05-16T01:06:06.393000+00:00"/>
  <performer>
    <reference value="Patient/example"/>
  </performer>
  <valueCodeableConcept>
    <coding>
      <system value="http://snomed.info/sct"/>
      <code value="425392003"/>
      <display value="Active advance directive (finding)"/>
    </coding>
  </valueCodeableConcept>
</Observation>