{
  "resourceType" : "Observation",
  "id" : "no-ADI-example-option3",
  "meta" : {
    "extension" : [{
      "url" : "http://hl7.org/fhir/StructureDefinition/instance-name",
      "valueString" : "ADI Observation No ADI Example OPTION 3"
    },
    {
      "url" : "http://hl7.org/fhir/StructureDefinition/instance-description",
      "valueMarkdown" : "This is a Observation example for the USCDI5 ADI Observation Data Element to show whether a patient has an advance directive using a new code = \"45481-9\" - (Advance directive - none ?) and value of \"Yes\"/\"No\"/\"Unknown\" (TODO: pick a convenient value set  LOINC answer list ll50-6, Snomed, hl7 (https://terminology.hl7.org/ValueSet-yes-no-unknown-not-asked.html))"
    }],
    "profile" : ["http://hl7.org/fhir/us/core/StructureDefinition/us-core-observation-adi-documentation"]
  },
  "text" : {
    "status" : "generated",
    "div" : "<div xmlns=\"http://www.w3.org/1999/xhtml\"><p class=\"res-header-id\"><b>Generated Narrative: Observation no-ADI-example-option3</b></p><a name=\"no-ADI-example-option3\"> </a><a name=\"hcno-ADI-example-option3\"> </a><a name=\"no-ADI-example-option3-en-US\"> </a><p><b>status</b>: Final</p><p><b>code</b>: <span title=\"Codes:{http://loinc.org 45481-9 - Advance directive - none,}\">Advance directive - none?</span></p><p><b>subject</b>: <a href=\"Patient-example.html\">Amy V. Baxter  Female, DoB: 1987-02-20 ( Medical Record Number:\u00a01032702\u00a0(use:\u00a0usual,\u00a0))</a></p><p><b>effective</b>: 2024-05-16 01:06:06+0000</p><p><b>issued</b>: 2024-05-16 01:06:06+0000</p><p><b>performer</b>: <a href=\"http://hl7.org/fhir/us/core/STU7/Practitioner-practitioner-1.html\">Dr Smith</a></p><p><b>value</b>: <span title=\"Codes:{http://terminology.hl7.org/CodeSystem/v2-0532 Y}\">true</span></p></div>"
  },
  "status" : "final",
  "code" : {
    "coding" : [{
      "system" : "http://loinc.org",
      "code" : "45481-9 - Advance directive - none,",
      "display" : "Advance directive - none?"
    }]
  },
  "subject" : {
    "reference" : "Patient/example"
  },
  "effectiveDateTime" : "2024-05-16T01:06:06.393000+00:00",
  "issued" : "2024-05-16T01:06:06.393000+00:00",
  "performer" : [{
    "reference" : "http://hl7.org/fhir/us/core/Practitioner/practitioner-1",
    "display" : "Dr Smith"
  }],
  "valueCodeableConcept" : {
    "coding" : [{
      "system" : "http://terminology.hl7.org/CodeSystem/v2-0532",
      "code" : "Y",
      "display" : "true"
    }]
  }
}