<?xml version="1.0" encoding="UTF-8"?>

<Observation xmlns="http://hl7.org/fhir">
  <id value="no-ADI-example"/>
  <meta>
    <extension url="http://hl7.org/fhir/StructureDefinition/instance-name">
      <valueString value="ADI Observation Presence No ADI Example"/>
    </extension>
    <extension url="http://hl7.org/fhir/StructureDefinition/instance-description">
      <valueMarkdown value="This is a Observation example for the USCDI5 ADI Observation Data Element to show whether a patient has an advance directive using a new code = &quot;45473-6&quot; - (Advance directive/living will completed) and and value of &quot;Yes&quot;/&quot;No&quot;/&quot;Unknown&quot; (TODO: pick a convenient value set  LOINC answer list ll50-6, Snomed, hl7 (https://terminology.hl7.org/ValueSet-yes-no-unknown-not-asked.html))"/>
    </extension>
    <profile value="http://hl7.org/fhir/us/core/StructureDefinition/us-core-observation-adi-documentation2"/>
  </meta>
  <text>
    <status value="generated"/><div xmlns="http://www.w3.org/1999/xhtml"><p class="res-header-id"><b>Generated Narrative: Observation no-ADI-example</b></p><a name="no-ADI-example"> </a><a name="hcno-ADI-example"> </a><a name="no-ADI-example-en-US"> </a><p><b>status</b>: Final</p><p><b>code</b>: <span title="Codes:{http://loinc.org 45473-6}">Advance directive/living will completed</span></p><p><b>subject</b>: <a href="Patient-example.html">Amy V. Baxter  Female, DoB: 1987-02-20 ( Medical Record Number: 1032702 (use: usual, ))</a></p><p><b>effective</b>: 2024-05-16 01:06:06+0000</p><p><b>issued</b>: 2024-05-16 01:06:06+0000</p><p><b>performer</b>: <a href="https://simplifier.net/resolve?scope=hl7.fhir.us.core.3.1.1@3.1.1&amp;canonical=http://hl7.org/fhir/us/core/Practitioner/practitioner-1">Dr Smith</a></p><p><b>value</b>: <span title="Codes:{http://snomed.info/sct 373067005}">No (qualifier value)</span></p></div>
  </text>
  <status value="final"/>
  <code>
    <coding>
      <system value="http://loinc.org"/>
      <code value="45473-6"/>
      <display value="Advance directive/living will completed"/>
    </coding>
  </code>
  <subject>
    <reference value="Patient/example"/>
  </subject>
  <effectiveDateTime value="2024-05-16T01:06:06.393Z"/>
  <issued value="2024-05-16T01:06:06.393Z"/>
  <performer>
    <reference value="http://hl7.org/fhir/us/core/Practitioner/practitioner-1"/>
    <display value="Dr Smith"/>
  </performer>
  <valueCodeableConcept>
    <coding>
      <system value="http://snomed.info/sct"/>
      <version value="http://snomed.info/sct/731000124108"/>
      <code value="373067005"/>
      <display value="No (qualifier value)"/>
    </coding>
  </valueCodeableConcept>
</Observation>