{
  "package": "hl7.fhir.us.uscdi5-sandbox",
  "version": "0.0.0",
  "fhirVersion": "4.0.1",
  "jurisdiction": "US",
  "extensions": [
    {
      "url": "http://hl7.org/fhir/StructureDefinition/patient-sexParameterForClinicalUse",
      "title": "Patient Sex Parameter For Clinical Use",
      "types": [
        "CodeableConcept",
        "Period",
        "string",
        "Reference",
        "base64Binary",
        "boolean",
        "canonical",
        "code",
        "date",
        "dateTime",
        "decimal",
        "id",
        "instant",
        "integer",
        "markdown",
        "oid",
        "positiveInt",
        "string",
        "time",
        "unsignedInt",
        "uri",
        "url",
        "uuid",
        "Address",
        "Age",
        "Annotation",
        "Attachment",
        "CodeableConcept",
        "Coding",
        "ContactPoint",
        "Count",
        "Distance",
        "Duration",
        "HumanName",
        "Identifier",
        "Money",
        "Period",
        "Quantity",
        "Range",
        "Ratio",
        "Reference",
        "SampledData",
        "Signature",
        "Timing",
        "ContactDetail",
        "Contributor",
        "DataRequirement",
        "Expression",
        "ParameterDefinition",
        "RelatedArtifact",
        "TriggerDefinition",
        "UsageContext",
        "Dosage",
        "Meta"
      ]
    },
    {
      "url": "http://hl7.org/fhir/us/uscdi5-sandbox/StructureDefinition/us-core-authentication-time",
      "title": "US Core Authentication Time Extension",
      "types": [
        "dateTime"
      ]
    },
    {
      "url": "http://hl7.org/fhir/us/uscdi5-sandbox/StructureDefinition/us-core-interpreter-required",
      "title": "US Core Interpreter Required Extension",
      "types": [
        "Coding"
      ]
    }
  ],
  "profiles": {
    "Encounter": [
      {
        "url": "http://hl7.org/fhir/us/core/StructureDefinition/us-core-encounter",
        "title": "US Core Encounter Profile"
      }
    ],
    "Immunization": [
      {
        "url": "http://hl7.org/fhir/us/core/StructureDefinition/us-core-immunization",
        "title": "US Core Immunization Profile"
      }
    ],
    "MedicationDispense": [
      {
        "url": "http://hl7.org/fhir/us/core/StructureDefinition/us-core-medicationdispense",
        "title": "US Core MedicationDispense Profile"
      }
    ],
    "MedicationRequest": [
      {
        "url": "http://hl7.org/fhir/us/core/StructureDefinition/us-core-medicationrequest",
        "title": "US Core MedicationRequest Profile"
      }
    ],
    "Observation": [
      {
        "url": "http://hl7.org/fhir/us/core/StructureDefinition/us-core-observation-adi-documentation",
        "title": "US Core Observation ADI Documentation Profile"
      }
    ],
    "Patient": [
      {
        "url": "http://hl7.org/fhir/us/core/StructureDefinition/us-core-patient",
        "title": "US Core Patient Profile"
      }
    ],
    "Provenance": [
      {
        "url": "http://hl7.org/fhir/us/core/StructureDefinition/us-core-provenance",
        "title": "US Core Provenance Profile"
      }
    ],
    "Specimen": [
      {
        "url": "http://hl7.org/fhir/us/core/StructureDefinition/us-core-specimen",
        "title": "US Core Specimen Profile"
      }
    ],
    "DocumentReference": [
      {
        "url": "http://hl7.org/fhir/us/uscdi5-sandbox/StructureDefinition/us-core-adi-documentreference",
        "title": "US Core ADI DocumentReference Profile"
      }
    ],
    "ServiceRequest": [
      {
        "url": "http://www.fhir.org/guides/uscdi5-sandbox/StructureDefinition/us-core-servicerequest",
        "title": "US Core ServiceRequest Profile"
      }
    ]
  },
  "usage": {
    "http://hl7.org/fhir/StructureDefinition/capabilitystatement-expectation": [
      "CapabilityStatement.format",
      "CapabilityStatement.implementationGuide",
      "CapabilityStatement.patchFormat",
      "CapabilityStatement.rest.interaction",
      "CapabilityStatement.rest.resource",
      "CapabilityStatement.rest.resource.interaction",
      "CapabilityStatement.rest.resource.operation",
      "CapabilityStatement.rest.resource.referencePolicy",
      "CapabilityStatement.rest.resource.searchInclude",
      "CapabilityStatement.rest.resource.searchParam",
      "CapabilityStatement.rest.resource.searchRevInclude",
      "CapabilityStatement.rest.resource.supportedProfile"
    ],
    "http://hl7.org/fhir/StructureDefinition/capabilitystatement-search-parameter-combination": [
      "CapabilityStatement.rest.resource"
    ],
    "http://hl7.org/fhir/StructureDefinition/elementdefinition-bestpractice": [
      "StructureDefinition.differential.element.constraint",
      "StructureDefinition.snapshot.element.constraint"
    ],
    "http://hl7.org/fhir/StructureDefinition/elementdefinition-bestpractice-explanation": [
      "StructureDefinition.snapshot.element.constraint"
    ],
    "http://hl7.org/fhir/StructureDefinition/elementdefinition-bindingName": [
      "StructureDefinition.differential.element.binding",
      "StructureDefinition.snapshot.element.binding"
    ],
    "http://hl7.org/fhir/StructureDefinition/elementdefinition-maxValueSet": [
      "StructureDefinition.differential.element.binding",
      "StructureDefinition.snapshot.element.binding"
    ],
    "http://hl7.org/fhir/StructureDefinition/elementdefinition-translatable": [
      "StructureDefinition.snapshot.element"
    ],
    "http://hl7.org/fhir/StructureDefinition/elementdefinition-type-must-support": [
      "StructureDefinition.differential.element.type",
      "StructureDefinition.differential.element.type.targetProfile",
      "StructureDefinition.snapshot.element.type",
      "StructureDefinition.snapshot.element.type.targetProfile"
    ],
    "http://hl7.org/fhir/StructureDefinition/individual-pronouns": [
      "Patient"
    ],
    "http://hl7.org/fhir/StructureDefinition/instance-description": [
      "Bundle.meta",
      "DocumentReference.meta",
      "Encounter.meta",
      "Immunization.meta",
      "MedicationDispense.meta",
      "MedicationRequest.meta",
      "Observation.meta",
      "Patient.meta",
      "Specimen.meta"
    ],
    "http://hl7.org/fhir/StructureDefinition/instance-name": [
      "Bundle.meta",
      "DocumentReference.meta",
      "Encounter.meta",
      "Immunization.meta",
      "MedicationDispense.meta",
      "MedicationRequest.meta",
      "Observation.meta",
      "Patient.meta",
      "Specimen.meta"
    ],
    "http://hl7.org/fhir/StructureDefinition/patient-sexParameterForClinicalUse": [
      "Patient"
    ],
    "http://hl7.org/fhir/StructureDefinition/structuredefinition-display-hint": [
      "StructureDefinition.snapshot.element"
    ],
    "http://hl7.org/fhir/StructureDefinition/structuredefinition-fhir-type": [
      "StructureDefinition.snapshot.element.type"
    ],
    "http://hl7.org/fhir/StructureDefinition/structuredefinition-fmm": [
      "ImplementationGuide",
      "StructureDefinition",
      "ValueSet"
    ],
    "http://hl7.org/fhir/StructureDefinition/structuredefinition-hierarchy": [
      "StructureDefinition.snapshot.element.type"
    ],
    "http://hl7.org/fhir/StructureDefinition/structuredefinition-standards-status": [
      "ImplementationGuide",
      "ImplementationGuide.definition.page",
      "ImplementationGuide.definition.page.page",
      "ImplementationGuide.definition.page.page.page",
      "ImplementationGuide.definition.page.page.page.page",
      "StructureDefinition",
      "ValueSet"
    ],
    "http://hl7.org/fhir/StructureDefinition/workflow-supportingInfo": [
      "Observation"
    ],
    "http://hl7.org/fhir/tools/StructureDefinition/additional-binding": [
      "StructureDefinition.differential.element.binding",
      "StructureDefinition.snapshot.element.binding"
    ],
    "http://hl7.org/fhir/tools/StructureDefinition/ig-internal-dependency": [
      "ImplementationGuide.definition"
    ],
    "http://hl7.org/fhir/tools/StructureDefinition/ig-page-name": [
      "ImplementationGuide.definition.page",
      "ImplementationGuide.definition.page.page",
      "ImplementationGuide.definition.page.page.page",
      "ImplementationGuide.definition.page.page.page.page"
    ],
    "http://hl7.org/fhir/tools/StructureDefinition/ig-parameter": [
      "ImplementationGuide.definition"
    ],
    "http://hl7.org/fhir/tools/StructureDefinition/implementationguide-dependency-comment": [
      "ImplementationGuide.dependsOn"
    ],
    "http://hl7.org/fhir/tools/StructureDefinition/resource-information": [
      "ImplementationGuide.definition.resource"
    ],
    "http://hl7.org/fhir/us/core/StructureDefinition/us-core-birthsex": [
      "Patient"
    ],
    "http://hl7.org/fhir/us/core/StructureDefinition/us-core-ethnicity": [
      "Patient"
    ],
    "http://hl7.org/fhir/us/core/StructureDefinition/us-core-genderIdentity": [
      "Patient"
    ],
    "http://hl7.org/fhir/us/core/StructureDefinition/us-core-medication-adherence": [
      "MedicationRequest"
    ],
    "http://hl7.org/fhir/us/core/StructureDefinition/us-core-race": [
      "Patient"
    ],
    "http://hl7.org/fhir/us/core/StructureDefinition/us-core-sex": [
      "Patient"
    ],
    "http://hl7.org/fhir/us/core/StructureDefinition/us-core-tribal-affiliation": [
      "Patient"
    ],
    "http://hl7.org/fhir/us/core/StructureDefinition/uscdi-requirement": [
      "StructureDefinition.differential.element",
      "StructureDefinition.snapshot.element"
    ],
    "http://hl7.org/fhir/us/uscdi5-sandbox/StructureDefinition/us-core-authentication-time": [
      "DocumentReference"
    ],
    "http://hl7.org/fhir/us/uscdi5-sandbox/StructureDefinition/us-core-interpreter-required": [
      "Encounter",
      "Patient"
    ]
  }
}