{
  "codeSystems" : [
    {
      "url" : "http://cts.nlm.nih.gov/fhir/ValueSet/2.16.840.1.113762.1.4.1010.4",
      "version" : "20170601",
      "status" : "active",
      "name" : "MedicationClinicalDrug",
      "title" : "Medication Clinical Drug",
      "description" : null,
      "systems" : ["http://www.nlm.nih.gov/research/umls/rxnorm"],
      "oids" : ["2.16.840.1.113762.1.4.1010.4"],
      "sources" : ["2.16.840.1.113762.1.4.1010.4"],
      "uses" : {
      },
      "StructureDefinition-us-core-medicationdispense.html" : "US Core MedicationDispense Profile",
      "StructureDefinition-us-core-medicationrequest.html" : "US Core MedicationRequest Profile"
    },
    {
      "url" : "http://cts.nlm.nih.gov/fhir/ValueSet/2.16.840.1.113762.1.4.1010.6",
      "version" : "20230715",
      "status" : "active",
      "name" : "CVXVaccinesAdministeredVaccineSet",
      "title" : "CVX Vaccines Administered Vaccine Set",
      "description" : null,
      "systems" : ["http://hl7.org/fhir/sid/cvx"],
      "oids" : ["2.16.840.1.113762.1.4.1010.6"],
      "sources" : ["2.16.840.1.113762.1.4.1010.6"],
      "uses" : {
      },
      "StructureDefinition-us-core-immunization.html" : "US Core Immunization Profile"
    },
    {
      "url" : "http://hl7.org/fhir/ValueSet/immunization-status",
      "version" : "4.0.1",
      "status" : "draft",
      "name" : "ImmunizationStatusCodes",
      "title" : "Immunization Status Codes",
      "description" : "The value set to instantiate this attribute should be drawn from a terminologically robust code system that consists of or contains concepts to support describing the current status of the administered dose of vaccine.",
      "systems" : ["http://hl7.org/fhir/event-status"],
      "oids" : ["2.16.840.1.113883.4.642.3.295"],
      "sources" : ["2.16.840.1.113883.4.642.3.295"],
      "uses" : {
      },
      "StructureDefinition-us-core-immunization.html" : "US Core Immunization Profile"
    },
    {
      "url" : "http://hl7.org/fhir/ValueSet/immunization-status-reason",
      "version" : "4.0.1",
      "status" : "draft",
      "name" : "ImmunizationStatusReasonCodes",
      "title" : "Immunization Status Reason Codes",
      "description" : "The value set to instantiate this attribute should be drawn from a terminologically robust code system that consists of or contains concepts to support describing the reason why a dose of vaccine was not administered. This value set is provided as a suggestive example.",
      "systems" : [
        "http://terminology.hl7.org/CodeSystem/v3-ActReason",
        "http://snomed.info/sct"
      ],
      "oids" : ["2.16.840.1.113883.4.642.3.992"],
      "sources" : ["2.16.840.1.113883.4.642.3.992"],
      "uses" : {
      },
      "StructureDefinition-us-core-immunization.html" : "US Core Immunization Profile"
    },
    {
      "url" : "http://hl7.org/fhir/ValueSet/medicationrequest-category",
      "version" : "4.0.1",
      "status" : "draft",
      "name" : "medicationRequest Category Codes",
      "title" : "Medication request  category  codes",
      "description" : "MedicationRequest Category Codes",
      "systems" : [
        "http://terminology.hl7.org/CodeSystem/medicationrequest-category"
      ],
      "oids" : ["2.16.840.1.113883.4.642.3.1322"],
      "sources" : ["2.16.840.1.113883.4.642.3.1322"],
      "uses" : {
      },
      "StructureDefinition-us-core-medicationrequest.html" : "US Core MedicationRequest Profile"
    },
    {
      "url" : "http://hl7.org/fhir/ValueSet/medicationrequest-intent",
      "version" : "4.0.1",
      "status" : "draft",
      "name" : "medicationRequest Intent",
      "title" : "Medication request  intent",
      "description" : "MedicationRequest Intent Codes",
      "systems" : ["http://hl7.org/fhir/CodeSystem/medicationrequest-intent"],
      "oids" : ["2.16.840.1.113883.4.642.3.1321"],
      "sources" : ["2.16.840.1.113883.4.642.3.1321"],
      "uses" : {
      },
      "StructureDefinition-us-core-medicationrequest.html" : "US Core MedicationRequest Profile"
    },
    {
      "url" : "http://hl7.org/fhir/ValueSet/medicationrequest-status",
      "version" : "4.0.1",
      "status" : "draft",
      "name" : "medicationrequest Status",
      "title" : "Medicationrequest  status",
      "description" : "MedicationRequest Status Codes",
      "systems" : ["http://hl7.org/fhir/CodeSystem/medicationrequest-status"],
      "oids" : ["2.16.840.1.113883.4.642.3.1320"],
      "sources" : ["2.16.840.1.113883.4.642.3.1320"],
      "uses" : {
      },
      "StructureDefinition-us-core-medicationrequest.html" : "US Core MedicationRequest Profile"
    },
    {
      "url" : "http://hl7.org/fhir/ValueSet/route-codes",
      "version" : "4.0.1",
      "status" : "draft",
      "name" : "SNOMEDCTRouteCodes",
      "title" : "SNOMED CT Route Codes",
      "description" : "This value set includes all Route codes from SNOMED CT - provided as an exemplar.",
      "systems" : ["http://snomed.info/sct"],
      "oids" : ["2.16.840.1.113883.4.642.3.98"],
      "sources" : ["2.16.840.1.113883.4.642.3.98"],
      "uses" : {
      },
      "StructureDefinition-us-core-medicationdispense.html" : "US Core MedicationDispense Profile",
      "StructureDefinition-us-core-medicationrequest.html" : "US Core MedicationRequest Profile"
    },
    {
      "url" : "http://hl7.org/fhir/ValueSet/ucum-common",
      "version" : "4.0.1",
      "status" : "draft",
      "name" : "Common UCUM units",
      "title" : null,
      "description" : "Commonly encountered UCUM units (for purposes of helping populate look ups.",
      "systems" : ["http://unitsofmeasure.org"],
      "uses" : {
      },
      "StructureDefinition-us-core-medicationdispense.html" : "US Core MedicationDispense Profile",
      "StructureDefinition-us-core-medicationrequest.html" : "US Core MedicationRequest Profile"
    },
    {
      "url" : "http://hl7.org/fhir/us/core/ValueSet/us-core-clinical-note-type",
      "version" : "0.0.0",
      "status" : "active",
      "name" : "USCoreClinicalNoteType",
      "title" : "US Core Clinical Note Type",
      "description" : "The US Core Clinical Note Type Value Set is a 'starter set' of types supported for fetching and storing clinical notes.",
      "systems" : ["http://loinc.org"]
    },
    {
      "url" : "http://hl7.org/fhir/us/core/ValueSet/us-core-condition-code",
      "version" : "7.0.0",
      "status" : "active",
      "name" : "USCoreConditionCodes",
      "title" : "US Core Condition Codes",
      "description" : "This describes the problem. Diagnosis/Problem List is broadly defined as a series of brief statements that catalog a patient's medical, nursing, dental, social, preventative and psychiatric events and issues that are relevant to that patient's healthcare (e.g., signs, symptoms, and defined conditions). ICD-10 is appropriate for Diagnosis information, and ICD-9 for historical information.",
      "systems" : [
        "http://hl7.org/fhir/sid/icd-10-cm",
        "http://hl7.org/fhir/sid/icd-9-cm",
        "http://snomed.info/sct"
      ],
      "oids" : ["2.16.840.1.113883.4.642.40.2.48.21"],
      "sources" : ["2.16.840.1.113883.4.642.40.2.48.21"],
      "uses" : {
      },
      "StructureDefinition-us-core-medicationrequest.html" : "US Core MedicationRequest Profile"
    },
    {
      "url" : "http://terminology.hl7.org/ValueSet/v3-ActPharmacySupplyType",
      "version" : "3.0.0",
      "status" : "active",
      "name" : "ActPharmacySupplyType",
      "title" : "ActPharmacySupplyType",
      "description" : "Identifies types of dispensing events",
      "systems" : ["http://terminology.hl7.org/CodeSystem/v3-ActCode"],
      "oids" : ["2.16.840.1.113883.1.11.16208"],
      "sources" : ["2.16.840.1.113883.1.11.16208"],
      "uses" : {
      },
      "StructureDefinition-us-core-medicationdispense.html" : "US Core MedicationDispense Profile"
    }
  ]
}
