{
  "codeSystems" : [
    {
      "url" : "http://cts.nlm.nih.gov/fhir/ValueSet/2.16.840.1.113762.1.4.1010.4",
      "version" : "20170601",
      "status" : "active",
      "name" : "MedicationClinicalDrug",
      "title" : "Medication Clinical Drug",
      "description" : null,
      "systems" : ["http://www.nlm.nih.gov/research/umls/rxnorm"],
      "oids" : ["2.16.840.1.113762.1.4.1010.4"],
      "sources" : ["2.16.840.1.113762.1.4.1010.4"],
      "uses" : {
      },
      "StructureDefinition-us-core-medicationrequest.html" : "US Core MedicationRequest Profile",
      "StructureDefinition-us-core-medicationdispense.html" : "US Core MedicationDispense Profile"
    },
    {
      "url" : "http://cts.nlm.nih.gov/fhir/ValueSet/2.16.840.1.113762.1.4.1010.6",
      "version" : "20230715",
      "status" : "active",
      "name" : "CVXVaccinesAdministeredVaccineSet",
      "title" : "CVX Vaccines Administered Vaccine Set",
      "description" : null,
      "systems" : ["http://hl7.org/fhir/sid/cvx"],
      "oids" : ["2.16.840.1.113762.1.4.1010.6"],
      "sources" : ["2.16.840.1.113762.1.4.1010.6"],
      "uses" : {
      },
      "StructureDefinition-us-core-immunization.html" : "US Core Immunization Profile"
    },
    {
      "url" : "http://hl7.org/cda/stds/core/ValueSet/CDARoleCode",
      "version" : "2.0.0-sd",
      "status" : "draft",
      "name" : "CDARoleCode",
      "title" : "CDARoleCode",
      "description" : "A set of codes further specifying the kind of Role; specific classification codes for further qualifying RoleClass codes.",
      "systems" : ["http://terminology.hl7.org/CodeSystem/v3-RoleCode"],
      "uses" : {
      },
      "StructureDefinition-us-core-provenance.html" : "US Core Provenance Profile"
    },
    {
      "url" : "http://hl7.org/fhir/ValueSet/administrative-gender",
      "version" : "4.0.1",
      "status" : "active",
      "name" : "AdministrativeGender",
      "title" : "AdministrativeGender",
      "description" : "The gender of a person used for administrative purposes.",
      "systems" : ["http://hl7.org/fhir/administrative-gender"],
      "oids" : ["2.16.840.1.113883.4.642.3.1"],
      "sources" : ["2.16.840.1.113883.4.642.3.1"],
      "uses" : {
      },
      "StructureDefinition-us-core-patient.html" : "US Core Patient Profile"
    },
    {
      "url" : "http://hl7.org/fhir/ValueSet/contact-point-system",
      "version" : "4.0.1",
      "status" : "active",
      "name" : "ContactPointSystem",
      "title" : "ContactPointSystem",
      "description" : "Telecommunications form for contact point.",
      "systems" : ["http://hl7.org/fhir/contact-point-system"],
      "oids" : ["2.16.840.1.113883.4.642.3.71"],
      "sources" : ["2.16.840.1.113883.4.642.3.71"],
      "uses" : {
      },
      "StructureDefinition-us-core-patient.html" : "US Core Patient Profile"
    },
    {
      "url" : "http://hl7.org/fhir/ValueSet/contact-point-use",
      "version" : "4.0.1",
      "status" : "active",
      "name" : "ContactPointUse",
      "title" : "ContactPointUse",
      "description" : "Use of contact point.",
      "systems" : ["http://hl7.org/fhir/contact-point-use"],
      "oids" : ["2.16.840.1.113883.4.642.3.73"],
      "sources" : ["2.16.840.1.113883.4.642.3.73"],
      "uses" : {
      },
      "StructureDefinition-us-core-patient.html" : "US Core Patient Profile"
    },
    {
      "url" : "http://hl7.org/fhir/ValueSet/immunization-status",
      "version" : "4.0.1",
      "status" : "draft",
      "name" : "ImmunizationStatusCodes",
      "title" : "Immunization Status Codes",
      "description" : "The value set to instantiate this attribute should be drawn from a terminologically robust code system that consists of or contains concepts to support describing the current status of the administered dose of vaccine.",
      "systems" : ["http://hl7.org/fhir/event-status"],
      "oids" : ["2.16.840.1.113883.4.642.3.295"],
      "sources" : ["2.16.840.1.113883.4.642.3.295"],
      "uses" : {
      },
      "StructureDefinition-us-core-immunization.html" : "US Core Immunization Profile"
    },
    {
      "url" : "http://hl7.org/fhir/ValueSet/immunization-status-reason",
      "version" : "4.0.1",
      "status" : "draft",
      "name" : "ImmunizationStatusReasonCodes",
      "title" : "Immunization Status Reason Codes",
      "description" : "The value set to instantiate this attribute should be drawn from a terminologically robust code system that consists of or contains concepts to support describing the reason why a dose of vaccine was not administered. This value set is provided as a suggestive example.",
      "systems" : [
        "http://terminology.hl7.org/CodeSystem/v3-ActReason",
        "http://snomed.info/sct"
      ],
      "oids" : ["2.16.840.1.113883.4.642.3.992"],
      "sources" : ["2.16.840.1.113883.4.642.3.992"],
      "uses" : {
      },
      "StructureDefinition-us-core-immunization.html" : "US Core Immunization Profile"
    },
    {
      "url" : "http://hl7.org/fhir/ValueSet/medicationrequest-category",
      "version" : "4.0.1",
      "status" : "draft",
      "name" : "medicationRequest Category Codes",
      "title" : "Medication request  category  codes",
      "description" : "MedicationRequest Category Codes",
      "systems" : [
        "http://terminology.hl7.org/CodeSystem/medicationrequest-category"
      ],
      "oids" : ["2.16.840.1.113883.4.642.3.1322"],
      "sources" : ["2.16.840.1.113883.4.642.3.1322"],
      "uses" : {
      },
      "StructureDefinition-us-core-medicationrequest.html" : "US Core MedicationRequest Profile"
    },
    {
      "url" : "http://hl7.org/fhir/ValueSet/medicationrequest-intent",
      "version" : "4.0.1",
      "status" : "draft",
      "name" : "medicationRequest Intent",
      "title" : "Medication request  intent",
      "description" : "MedicationRequest Intent Codes",
      "systems" : ["http://hl7.org/fhir/CodeSystem/medicationrequest-intent"],
      "oids" : ["2.16.840.1.113883.4.642.3.1321"],
      "sources" : ["2.16.840.1.113883.4.642.3.1321"],
      "uses" : {
      },
      "StructureDefinition-us-core-medicationrequest.html" : "US Core MedicationRequest Profile"
    },
    {
      "url" : "http://hl7.org/fhir/ValueSet/medicationrequest-status",
      "version" : "4.0.1",
      "status" : "draft",
      "name" : "medicationrequest Status",
      "title" : "Medicationrequest  status",
      "description" : "MedicationRequest Status Codes",
      "systems" : ["http://hl7.org/fhir/CodeSystem/medicationrequest-status"],
      "oids" : ["2.16.840.1.113883.4.642.3.1320"],
      "sources" : ["2.16.840.1.113883.4.642.3.1320"],
      "uses" : {
      },
      "StructureDefinition-us-core-medicationrequest.html" : "US Core MedicationRequest Profile"
    },
    {
      "url" : "http://hl7.org/fhir/ValueSet/route-codes",
      "version" : "4.0.1",
      "status" : "draft",
      "name" : "SNOMEDCTRouteCodes",
      "title" : "SNOMED CT Route Codes",
      "description" : "This value set includes all Route codes from SNOMED CT - provided as an exemplar.",
      "systems" : ["http://snomed.info/sct"],
      "oids" : ["2.16.840.1.113883.4.642.3.98"],
      "sources" : ["2.16.840.1.113883.4.642.3.98"],
      "uses" : {
      },
      "StructureDefinition-us-core-medicationrequest.html" : "US Core MedicationRequest Profile",
      "StructureDefinition-us-core-medicationdispense.html" : "US Core MedicationDispense Profile"
    },
    {
      "url" : "http://hl7.org/fhir/ValueSet/ucum-common",
      "version" : "4.0.1",
      "status" : "draft",
      "name" : "Common UCUM units",
      "title" : null,
      "description" : "Commonly encountered UCUM units (for purposes of helping populate look ups.",
      "systems" : ["http://unitsofmeasure.org"],
      "uses" : {
      },
      "StructureDefinition-us-core-medicationrequest.html" : "US Core MedicationRequest Profile",
      "StructureDefinition-us-core-medicationdispense.html" : "US Core MedicationDispense Profile"
    },
    {
      "url" : "http://hl7.org/fhir/us/core/ValueSet/simple-language",
      "version" : "7.0.0",
      "status" : "active",
      "name" : "LanguageCodesWithLanguageAndOptionallyARegionModifier",
      "title" : "Language codes with language and optionally a region modifier",
      "description" : "This value set includes codes from [BCP-47](http://tools.ietf.org/html/bcp47). This value set matches the ONC 2015 Edition LanguageCommunication data element value set within C-CDA to use a 2 character language code if one exists,   and a 3 character code if a 2 character code does not exist. It points back to [RFC 5646](https://tools.ietf.org/html/rfc5646), however only the language codes are required, all other elements are optional.",
      "systems" : ["urn:ietf:bcp:47"],
      "oids" : ["2.16.840.1.113883.4.642.40.2.48.4"],
      "sources" : ["2.16.840.1.113883.4.642.40.2.48.4"],
      "uses" : {
      },
      "StructureDefinition-us-core-patient.html" : "US Core Patient Profile"
    },
    {
      "url" : "http://hl7.org/fhir/us/core/ValueSet/us-core-adi-finding",
      "version" : "0.0.0",
      "status" : "active",
      "name" : "USCoreADIFinding",
      "title" : "US Core ADI Finding",
      "description" : "The US Core ADI Finding Value Set is a 'starter set' of findings used for fetching and storing advanced directives.",
      "systems" : ["http://snomed.info/sct"]
    },
    {
      "url" : "http://hl7.org/fhir/us/core/ValueSet/us-core-clinical-note-type",
      "version" : "0.0.0",
      "status" : "active",
      "name" : "USCoreClinicalNoteType",
      "title" : "US Core Clinical Note Type",
      "description" : "The US Core Clinical Note Type Value Set is a 'starter set' of types supported for fetching and storing clinical notes.",
      "systems" : ["http://loinc.org"]
    },
    {
      "url" : "http://hl7.org/fhir/us/core/ValueSet/us-core-condition-code",
      "version" : "7.0.0",
      "status" : "active",
      "name" : "USCoreConditionCodes",
      "title" : "US Core Condition Codes",
      "description" : "This describes the problem. Diagnosis/Problem List is broadly defined as a series of brief statements that catalog a patient's medical, nursing, dental, social, preventative and psychiatric events and issues that are relevant to that patient's healthcare (e.g., signs, symptoms, and defined conditions). ICD-10 is appropriate for Diagnosis information, and ICD-9 for historical information.",
      "systems" : [
        "http://hl7.org/fhir/sid/icd-10-cm",
        "http://hl7.org/fhir/sid/icd-9-cm",
        "http://snomed.info/sct"
      ],
      "oids" : ["2.16.840.1.113883.4.642.40.2.48.21"],
      "sources" : ["2.16.840.1.113883.4.642.40.2.48.21"],
      "uses" : {
      },
      "StructureDefinition-us-core-medicationrequest.html" : "US Core MedicationRequest Profile",
      "StructureDefinition-us-core-servicerequest.html" : "US Core ServiceRequest Profile"
    },
    {
      "url" : "http://hl7.org/fhir/us/core/ValueSet/us-core-procedure-code",
      "version" : "7.0.0",
      "status" : "active",
      "name" : "USCoreProcedureCodes",
      "title" : "US Core Procedure Codes",
      "description" : "Concepts from CPT, SNOMED CT, HCPCS Level II Alphanumeric Codes, ICD-10-PCS,CDT and LOINC code systems that can be used to indicate the type of procedure performed.",
      "systems" : [
        "http://www.ada.org/cdt",
        "http://www.ama-assn.org/go/cpt",
        "http://loinc.org",
        "https://www.cms.gov/Medicare/Coding/HCPCSReleaseCodeSets",
        "http://www.cms.gov/Medicare/Coding/ICD10",
        "http://snomed.info/sct"
      ],
      "oids" : ["2.16.840.1.113883.4.642.40.2.48.26"],
      "sources" : ["2.16.840.1.113883.4.642.40.2.48.26"],
      "uses" : {
      },
      "StructureDefinition-us-core-servicerequest.html" : "US Core ServiceRequest Profile"
    },
    {
      "url" : "http://hl7.org/fhir/us/core/ValueSet/us-core-provenance-participant-type",
      "version" : "7.0.0",
      "status" : "active",
      "name" : "USCoreProvenancePaticipantTypeCodes",
      "title" : "US Core Provenance Participant Type Codes",
      "description" : "The type of participation a provenance agent played for a given target.",
      "systems" : [
        "http://hl7.org/fhir/us/core/CodeSystem/us-core-provenance-participant-type",
        "http://terminology.hl7.org/CodeSystem/provenance-participant-type|4.0.1"
      ],
      "oids" : ["2.16.840.1.113883.4.642.40.2.48.16"],
      "sources" : ["2.16.840.1.113883.4.642.40.2.48.16"],
      "uses" : {
      },
      "StructureDefinition-us-core-provenance.html" : "US Core Provenance Profile"
    },
    {
      "url" : "http://hl7.org/fhir/us/core/ValueSet/us-core-servicerequest-category",
      "version" : "7.0.0",
      "status" : "active",
      "name" : "USCoreServiceRequestCategoryCodes",
      "title" : "US Core ServiceRequest Category Codes",
      "description" : "A set of SNOMED CT and LOINC concepts to classify a requested service",
      "systems" : [
        "http://hl7.org/fhir/us/core/CodeSystem/us-core-category",
        "http://snomed.info/sct"
      ],
      "oids" : ["2.16.840.1.113883.4.642.40.2.48.27"],
      "sources" : ["2.16.840.1.113883.4.642.40.2.48.27"],
      "uses" : {
      },
      "StructureDefinition-us-core-servicerequest.html" : "US Core ServiceRequest Profile"
    },
    {
      "url" : "http://hl7.org/fhir/us/core/ValueSet/us-core-usps-state",
      "version" : "7.0.0",
      "status" : "active",
      "name" : "UspsTwoLetterAlphabeticCodes",
      "title" : "USPS Two Letter Alphabetic Codes",
      "description" : "This value set defines two letter USPS alphabetic codes.",
      "systems" : ["https://www.usps.com/"],
      "oids" : ["2.16.840.1.113883.4.642.3.40"],
      "sources" : ["2.16.840.1.113883.4.642.3.40"],
      "uses" : {
      },
      "StructureDefinition-us-core-patient.html" : "US Core Patient Profile"
    },
    {
      "url" : "http://terminology.hl7.org/ValueSet/v3-ActPharmacySupplyType",
      "version" : "3.0.0",
      "status" : "active",
      "name" : "ActPharmacySupplyType",
      "title" : "ActPharmacySupplyType",
      "description" : "Identifies types of dispensing events",
      "systems" : ["http://terminology.hl7.org/CodeSystem/v3-ActCode"],
      "oids" : ["2.16.840.1.113883.1.11.16208"],
      "sources" : ["2.16.840.1.113883.1.11.16208"],
      "uses" : {
      },
      "StructureDefinition-us-core-medicationdispense.html" : "US Core MedicationDispense Profile"
    },
    {
      "url" : "http://www.fhir.org/guides/uscdi5-sandbox/ValueSet/foo-bar",
      "version" : "0.0.0",
      "status" : "active",
      "name" : "FooBar",
      "title" : "Foo Bar Test Value Set",
      "description" : "Foo Bar Test ValueSet",
      "systems" : [
        "http://www.fhir.org/guides/uscdi5-sandbox/CodeSystem/foo-bar"
      ]
    }
  ]
}
