{
  "codeSystems" : [
    {
      "url" : "http://cts.nlm.nih.gov/fhir/ValueSet/2.16.840.1.113762.1.4.1010.4",
      "version" : "20170601",
      "status" : "active",
      "name" : "MedicationClinicalDrug",
      "title" : "Medication Clinical Drug",
      "description" : null,
      "systems" : ["http://www.nlm.nih.gov/research/umls/rxnorm"],
      "oids" : ["2.16.840.1.113762.1.4.1010.4"],
      "sources" : ["2.16.840.1.113762.1.4.1010.4"],
      "uses" : {
      },
      "StructureDefinition-us-core-medicationdispense.html" : "US Core MedicationDispense Profile",
      "StructureDefinition-us-core-medicationrequest.html" : "US Core MedicationRequest Profile"
    },
    {
      "url" : "http://cts.nlm.nih.gov/fhir/ValueSet/2.16.840.1.113762.1.4.1010.6",
      "version" : "20230715",
      "status" : "active",
      "name" : "CVXVaccinesAdministeredVaccineSet",
      "title" : "CVX Vaccines Administered Vaccine Set",
      "description" : null,
      "systems" : ["http://hl7.org/fhir/sid/cvx"],
      "oids" : ["2.16.840.1.113762.1.4.1010.6"],
      "sources" : ["2.16.840.1.113762.1.4.1010.6"],
      "uses" : {
      },
      "StructureDefinition-us-core-immunization.html" : "US Core Immunization Profile"
    },
    {
      "url" : "http://hl7.org/fhir/ValueSet/additional-instruction-codes",
      "version" : "4.0.1",
      "status" : "draft",
      "name" : "SNOMEDCTAdditionalDosageInstructions",
      "title" : "SNOMED CT Additional Dosage Instructions",
      "description" : "This value set includes all SNOMED CT Additional Dosage Instructions.",
      "systems" : ["http://snomed.info/sct"],
      "oids" : ["2.16.840.1.113883.4.642.3.95"],
      "sources" : ["2.16.840.1.113883.4.642.3.95"],
      "uses" : {
      },
      "StructureDefinition-us-core-medicationdispense.html" : "US Core MedicationDispense Profile",
      "StructureDefinition-us-core-medicationrequest.html" : "US Core MedicationRequest Profile"
    },
    {
      "url" : "http://hl7.org/fhir/ValueSet/administration-method-codes",
      "version" : "4.0.1",
      "status" : "draft",
      "name" : "SNOMEDCTAdministrationMethodCodes",
      "title" : "SNOMED CT Administration Method Codes",
      "description" : "This value set includes some method codes from SNOMED CT - provided as an exemplar",
      "systems" : ["http://snomed.info/sct"],
      "oids" : ["2.16.840.1.113883.4.642.3.97"],
      "sources" : ["2.16.840.1.113883.4.642.3.97"],
      "uses" : {
      },
      "StructureDefinition-us-core-medicationdispense.html" : "US Core MedicationDispense Profile",
      "StructureDefinition-us-core-medicationrequest.html" : "US Core MedicationRequest Profile"
    },
    {
      "url" : "http://hl7.org/fhir/ValueSet/approach-site-codes",
      "version" : "4.0.1",
      "status" : "draft",
      "name" : "SNOMEDCTAnatomicalStructureForAdministrationSiteCodes",
      "title" : "SNOMED CT Anatomical Structure for Administration Site Codes",
      "description" : "This value set includes Anatomical Structure codes from SNOMED CT - provided as an exemplar.",
      "systems" : ["http://snomed.info/sct"],
      "oids" : ["2.16.840.1.113883.4.642.3.346"],
      "sources" : ["2.16.840.1.113883.4.642.3.346"],
      "uses" : {
      },
      "StructureDefinition-us-core-medicationdispense.html" : "US Core MedicationDispense Profile",
      "StructureDefinition-us-core-medicationrequest.html" : "US Core MedicationRequest Profile"
    },
    {
      "url" : "http://hl7.org/fhir/ValueSet/dose-rate-type",
      "version" : "4.0.1",
      "status" : "draft",
      "name" : "DoseAndRateType",
      "title" : "DoseAndRateType",
      "description" : "The kind of dose or rate specified.",
      "systems" : ["http://terminology.hl7.org/CodeSystem/dose-rate-type"],
      "oids" : ["2.16.840.1.113883.4.642.3.981"],
      "sources" : ["2.16.840.1.113883.4.642.3.981"],
      "uses" : {
      },
      "StructureDefinition-us-core-medicationdispense.html" : "US Core MedicationDispense Profile",
      "StructureDefinition-us-core-medicationrequest.html" : "US Core MedicationRequest Profile"
    },
    {
      "url" : "http://hl7.org/fhir/ValueSet/immunization-function",
      "version" : "4.0.1",
      "status" : "draft",
      "name" : "ImmunizationFunctionCodes",
      "title" : "Immunization Function Codes",
      "description" : "The value set to instantiate this attribute should be drawn from a terminologically robust code system that consists of or contains concepts to support describing the function a practitioner or organization may play in the immunization event. This value set is provided as a suggestive example.",
      "systems" : ["http://terminology.hl7.org/CodeSystem/v2-0443"],
      "oids" : ["2.16.840.1.113883.4.642.3.995"],
      "sources" : ["2.16.840.1.113883.4.642.3.995"],
      "uses" : {
      },
      "StructureDefinition-us-core-immunization.html" : "US Core Immunization Profile"
    },
    {
      "url" : "http://hl7.org/fhir/ValueSet/immunization-funding-source",
      "version" : "4.0.1",
      "status" : "draft",
      "name" : "ImmunizationFundingSource",
      "title" : "Immunization Funding Source",
      "description" : "The value set to instantiate this attribute should be drawn from a terminologically robust code system that consists of or contains concepts to support describing the source of the vaccine administered. This value set is provided as a suggestive example.",
      "systems" : [
        "http://terminology.hl7.org/CodeSystem/immunization-funding-source"
      ],
      "oids" : ["2.16.840.1.113883.4.642.3.293"],
      "sources" : ["2.16.840.1.113883.4.642.3.293"],
      "uses" : {
      },
      "StructureDefinition-us-core-immunization.html" : "US Core Immunization Profile"
    },
    {
      "url" : "http://hl7.org/fhir/ValueSet/immunization-origin",
      "version" : "4.0.1",
      "status" : "draft",
      "name" : "ImmunizationOriginCodes",
      "title" : "Immunization Origin Codes",
      "description" : "The value set to instantiate this attribute should be drawn from a terminologically robust code system that consists of or contains concepts to support describing the source of the data when the report of the immunization event is not based on information from the person, entity or organization who administered the vaccine. This value set is provided as a suggestive example.",
      "systems" : ["http://terminology.hl7.org/CodeSystem/immunization-origin"],
      "oids" : ["2.16.840.1.113883.4.642.3.296"],
      "sources" : ["2.16.840.1.113883.4.642.3.296"],
      "uses" : {
      },
      "StructureDefinition-us-core-immunization.html" : "US Core Immunization Profile"
    },
    {
      "url" : "http://hl7.org/fhir/ValueSet/immunization-program-eligibility",
      "version" : "4.0.1",
      "status" : "draft",
      "name" : "ImmunizationProgramEligibility",
      "title" : "Immunization Program Eligibility",
      "description" : "The value set to instantiate this attribute should be drawn from a terminologically robust code system that consists of or contains concepts to support describing the patient's eligibility for a vaccination program. This value set is provided as a suggestive example.",
      "systems" : [
        "http://terminology.hl7.org/CodeSystem/immunization-program-eligibility"
      ],
      "oids" : ["2.16.840.1.113883.4.642.3.291"],
      "sources" : ["2.16.840.1.113883.4.642.3.291"],
      "uses" : {
      },
      "StructureDefinition-us-core-immunization.html" : "US Core Immunization Profile"
    },
    {
      "url" : "http://hl7.org/fhir/ValueSet/immunization-reason",
      "version" : "4.0.1",
      "status" : "draft",
      "name" : "ImmunizationReasonCodes",
      "title" : "Immunization Reason Codes",
      "description" : "The value set to instantiate this attribute should be drawn from a terminologically robust code system that consists of or contains concepts to support describing the reason why a dose of vaccine was administered. This value set is provided as a suggestive example.",
      "systems" : ["http://snomed.info/sct"],
      "oids" : ["2.16.840.1.113883.4.642.3.290"],
      "sources" : ["2.16.840.1.113883.4.642.3.290"],
      "uses" : {
      },
      "StructureDefinition-us-core-immunization.html" : "US Core Immunization Profile"
    },
    {
      "url" : "http://hl7.org/fhir/ValueSet/immunization-route",
      "version" : "4.0.1",
      "status" : "draft",
      "name" : "ImmunizationRouteCodes",
      "title" : "Immunization Route Codes",
      "description" : "The value set to instantiate this attribute should be drawn from a terminologically robust code system that consists of or contains concepts to support describing the administrative routes used during vaccination. This value set is provided as a suggestive example.",
      "systems" : [
        "http://terminology.hl7.org/CodeSystem/v3-RouteOfAdministration"
      ],
      "oids" : ["2.16.840.1.113883.4.642.3.289"],
      "sources" : ["2.16.840.1.113883.4.642.3.289"],
      "uses" : {
      },
      "StructureDefinition-us-core-immunization.html" : "US Core Immunization Profile"
    },
    {
      "url" : "http://hl7.org/fhir/ValueSet/immunization-site",
      "version" : "4.0.1",
      "status" : "draft",
      "name" : "CodesForImmunizationSiteOfAdministration",
      "title" : "Codes for Immunization Site of Administration",
      "description" : "The value set to instantiate this attribute should be drawn from a terminologically robust code system that consists of or contains concepts to support describing the body site where the vaccination occurred. This value set is provided as a suggestive example.",
      "systems" : ["http://terminology.hl7.org/CodeSystem/v3-ActSite"],
      "oids" : ["2.16.840.1.113883.4.642.3.288"],
      "sources" : ["2.16.840.1.113883.4.642.3.288"],
      "uses" : {
      },
      "StructureDefinition-us-core-immunization.html" : "US Core Immunization Profile"
    },
    {
      "url" : "http://hl7.org/fhir/ValueSet/immunization-status",
      "version" : "4.0.1",
      "status" : "draft",
      "name" : "ImmunizationStatusCodes",
      "title" : "Immunization Status Codes",
      "description" : "The value set to instantiate this attribute should be drawn from a terminologically robust code system that consists of or contains concepts to support describing the current status of the administered dose of vaccine.",
      "systems" : ["http://hl7.org/fhir/event-status"],
      "oids" : ["2.16.840.1.113883.4.642.3.295"],
      "sources" : ["2.16.840.1.113883.4.642.3.295"],
      "uses" : {
      },
      "StructureDefinition-us-core-immunization.html" : "US Core Immunization Profile"
    },
    {
      "url" : "http://hl7.org/fhir/ValueSet/immunization-status-reason",
      "version" : "4.0.1",
      "status" : "draft",
      "name" : "ImmunizationStatusReasonCodes",
      "title" : "Immunization Status Reason Codes",
      "description" : "The value set to instantiate this attribute should be drawn from a terminologically robust code system that consists of or contains concepts to support describing the reason why a dose of vaccine was not administered. This value set is provided as a suggestive example.",
      "systems" : [
        "http://terminology.hl7.org/CodeSystem/v3-ActReason",
        "http://snomed.info/sct"
      ],
      "oids" : ["2.16.840.1.113883.4.642.3.992"],
      "sources" : ["2.16.840.1.113883.4.642.3.992"],
      "uses" : {
      },
      "StructureDefinition-us-core-immunization.html" : "US Core Immunization Profile"
    },
    {
      "url" : "http://hl7.org/fhir/ValueSet/immunization-subpotent-reason",
      "version" : "4.0.1",
      "status" : "draft",
      "name" : "ImmunizationSubpotentReason",
      "title" : "Immunization Subpotent Reason",
      "description" : "The value set to instantiate this attribute should be drawn from a terminologically robust code system that consists of or contains concepts to support describing the reason why a dose is considered to be subpotent. This value set is provided as a suggestive example.",
      "systems" : [
        "http://terminology.hl7.org/CodeSystem/immunization-subpotent-reason"
      ],
      "oids" : ["2.16.840.1.113883.4.642.3.993"],
      "sources" : ["2.16.840.1.113883.4.642.3.993"],
      "uses" : {
      },
      "StructureDefinition-us-core-immunization.html" : "US Core Immunization Profile"
    },
    {
      "url" : "http://hl7.org/fhir/ValueSet/immunization-target-disease",
      "version" : "4.0.1",
      "status" : "draft",
      "name" : "ImmunizationTargetDiseaseCodes",
      "title" : "Immunization Target Disease Codes",
      "description" : "The value set to instantiate this attribute should be drawn from a terminologically robust code system that consists of or contains concepts to support describing the disease that the dose is being administered against. This value set is provided as a suggestive example and includes the SNOMED CT concepts from the 64572001 (Disease) hierarchy.",
      "systems" : ["http://snomed.info/sct"],
      "oids" : ["2.16.840.1.113883.4.642.3.1047"],
      "sources" : ["2.16.840.1.113883.4.642.3.1047"],
      "uses" : {
      },
      "StructureDefinition-us-core-immunization.html" : "US Core Immunization Profile"
    },
    {
      "url" : "http://hl7.org/fhir/ValueSet/languages",
      "version" : "4.0.1",
      "status" : "draft",
      "name" : "CommonLanguages",
      "title" : "Common Languages",
      "description" : "This value set includes common codes from BCP-47 (http://tools.ietf.org/html/bcp47)",
      "systems" : ["urn:ietf:bcp:47"],
      "oids" : ["2.16.840.1.113883.4.642.3.20"],
      "sources" : ["2.16.840.1.113883.4.642.3.20"],
      "uses" : {
      },
      "StructureDefinition-us-core-medicationdispense.html" : "US Core MedicationDispense Profile",
      "StructureDefinition-us-core-medicationrequest.html" : "US Core MedicationRequest Profile",
      "StructureDefinition-us-core-immunization.html" : "US Core Immunization Profile"
    },
    {
      "url" : "http://hl7.org/fhir/ValueSet/medication-as-needed-reason",
      "version" : "4.0.1",
      "status" : "draft",
      "name" : "SNOMEDCTMedicationAsNeededReasonCodes",
      "title" : "SNOMED CT Medication As Needed Reason Codes",
      "description" : "This value set includes all clinical findings from SNOMED CT - provided as an exemplar value set.",
      "systems" : ["http://snomed.info/sct"],
      "oids" : ["2.16.840.1.113883.4.642.3.96"],
      "sources" : ["2.16.840.1.113883.4.642.3.96"],
      "uses" : {
      },
      "StructureDefinition-us-core-medicationdispense.html" : "US Core MedicationDispense Profile",
      "StructureDefinition-us-core-medicationrequest.html" : "US Core MedicationRequest Profile"
    },
    {
      "url" : "http://hl7.org/fhir/ValueSet/medicationdispense-category",
      "version" : "4.0.1",
      "status" : "draft",
      "name" : "MedicationDispense Category Codes",
      "title" : "Medication dispense  category  codes",
      "description" : "MedicationDispense Category Codes",
      "systems" : [
        "http://terminology.hl7.org/fhir/CodeSystem/medicationdispense-category"
      ],
      "oids" : ["2.16.840.1.113883.4.642.3.1314"],
      "sources" : ["2.16.840.1.113883.4.642.3.1314"],
      "uses" : {
      },
      "StructureDefinition-us-core-medicationdispense.html" : "US Core MedicationDispense Profile"
    },
    {
      "url" : "http://hl7.org/fhir/ValueSet/medicationdispense-performer-function",
      "version" : "4.0.1",
      "status" : "draft",
      "name" : "MedicationDispense Performer Function Codes",
      "title" : "Medication dispense  performer  function  codes",
      "description" : "MedicationDispense Performer Function Codes",
      "systems" : [
        "http://terminology.hl7.org/CodeSystem/medicationdispense-performer-function"
      ],
      "oids" : ["2.16.840.1.113883.4.642.3.1318"],
      "sources" : ["2.16.840.1.113883.4.642.3.1318"],
      "uses" : {
      },
      "StructureDefinition-us-core-medicationdispense.html" : "US Core MedicationDispense Profile"
    },
    {
      "url" : "http://hl7.org/fhir/ValueSet/medicationdispense-status",
      "version" : "4.0.1",
      "status" : "draft",
      "name" : "MedicationDispense Status Codes",
      "title" : "Medication dispense  status  codes",
      "description" : "MedicationDispense Status Codes",
      "systems" : [
        "http://terminology.hl7.org/CodeSystem/medicationdispense-status"
      ],
      "oids" : ["2.16.840.1.113883.4.642.3.1312"],
      "sources" : ["2.16.840.1.113883.4.642.3.1312"],
      "uses" : {
      },
      "StructureDefinition-us-core-medicationdispense.html" : "US Core MedicationDispense Profile"
    },
    {
      "url" : "http://hl7.org/fhir/ValueSet/medicationdispense-status-reason",
      "version" : "4.0.1",
      "status" : "draft",
      "name" : "MedicationDispense Status Reason Codes",
      "title" : "Medication dispense  status  reason  codes",
      "description" : "MedicationDispense Status Codes",
      "systems" : [
        "http://terminology.hl7.org/fhir/CodeSystem/medicationdispense-status-reason"
      ],
      "oids" : ["2.16.840.1.113883.4.642.3.1316"],
      "sources" : ["2.16.840.1.113883.4.642.3.1316"],
      "uses" : {
      },
      "StructureDefinition-us-core-medicationdispense.html" : "US Core MedicationDispense Profile"
    },
    {
      "url" : "http://hl7.org/fhir/ValueSet/medicationrequest-category",
      "version" : "4.0.1",
      "status" : "draft",
      "name" : "medicationRequest Category Codes",
      "title" : "Medication request  category  codes",
      "description" : "MedicationRequest Category Codes",
      "systems" : [
        "http://terminology.hl7.org/CodeSystem/medicationrequest-category"
      ],
      "oids" : ["2.16.840.1.113883.4.642.3.1322"],
      "sources" : ["2.16.840.1.113883.4.642.3.1322"],
      "uses" : {
      },
      "StructureDefinition-us-core-medicationrequest.html" : "US Core MedicationRequest Profile"
    },
    {
      "url" : "http://hl7.org/fhir/ValueSet/medicationrequest-course-of-therapy",
      "version" : "4.0.1",
      "status" : "draft",
      "name" : "medicationRequest Course of Therapy Codes",
      "title" : "Medication request  course of  therapy  codes",
      "description" : "MedicationRequest Course of Therapy Codes",
      "systems" : [
        "http://terminology.hl7.org/CodeSystem/medicationrequest-course-of-therapy"
      ],
      "oids" : ["2.16.840.1.113883.4.642.3.1326"],
      "sources" : ["2.16.840.1.113883.4.642.3.1326"],
      "uses" : {
      },
      "StructureDefinition-us-core-medicationrequest.html" : "US Core MedicationRequest Profile"
    },
    {
      "url" : "http://hl7.org/fhir/ValueSet/medicationrequest-intent",
      "version" : "4.0.1",
      "status" : "draft",
      "name" : "medicationRequest Intent",
      "title" : "Medication request  intent",
      "description" : "MedicationRequest Intent Codes",
      "systems" : ["http://hl7.org/fhir/CodeSystem/medicationrequest-intent"],
      "oids" : ["2.16.840.1.113883.4.642.3.1321"],
      "sources" : ["2.16.840.1.113883.4.642.3.1321"],
      "uses" : {
      },
      "StructureDefinition-us-core-medicationrequest.html" : "US Core MedicationRequest Profile"
    },
    {
      "url" : "http://hl7.org/fhir/ValueSet/medicationrequest-status",
      "version" : "4.0.1",
      "status" : "draft",
      "name" : "medicationrequest Status",
      "title" : "Medicationrequest  status",
      "description" : "MedicationRequest Status Codes",
      "systems" : ["http://hl7.org/fhir/CodeSystem/medicationrequest-status"],
      "oids" : ["2.16.840.1.113883.4.642.3.1320"],
      "sources" : ["2.16.840.1.113883.4.642.3.1320"],
      "uses" : {
      },
      "StructureDefinition-us-core-medicationrequest.html" : "US Core MedicationRequest Profile"
    },
    {
      "url" : "http://hl7.org/fhir/ValueSet/medicationrequest-status-reason",
      "version" : "4.0.1",
      "status" : "draft",
      "name" : "medicationRequest Status Reason Codes",
      "title" : "Medication request  status  reason  codes",
      "description" : "MedicationRequest Status Reason Codes",
      "systems" : [
        "http://terminology.hl7.org/CodeSystem/medicationrequest-status-reason"
      ],
      "oids" : ["2.16.840.1.113883.4.642.3.1324"],
      "sources" : ["2.16.840.1.113883.4.642.3.1324"],
      "uses" : {
      },
      "StructureDefinition-us-core-medicationrequest.html" : "US Core MedicationRequest Profile"
    },
    {
      "url" : "http://hl7.org/fhir/ValueSet/performer-role",
      "version" : "4.0.1",
      "status" : "draft",
      "name" : "ProcedurePerformerRoleCodes",
      "title" : "Procedure Performer Role Codes",
      "description" : "This example value set defines the set of codes that can be used to indicate a role of a procedure performer.",
      "systems" : ["http://snomed.info/sct"],
      "oids" : ["2.16.840.1.113883.4.642.3.433"],
      "sources" : ["2.16.840.1.113883.4.642.3.433"],
      "uses" : {
      },
      "StructureDefinition-us-core-medicationrequest.html" : "US Core MedicationRequest Profile"
    },
    {
      "url" : "http://hl7.org/fhir/ValueSet/request-priority",
      "version" : "4.0.1",
      "status" : "draft",
      "name" : "RequestPriority",
      "title" : "Request priority",
      "description" : "The clinical priority of a diagnostic order.",
      "systems" : ["http://hl7.org/fhir/request-priority"],
      "oids" : ["2.16.840.1.113883.4.642.3.115"],
      "sources" : ["2.16.840.1.113883.4.642.3.115"],
      "uses" : {
      },
      "StructureDefinition-us-core-medicationrequest.html" : "US Core MedicationRequest Profile"
    },
    {
      "url" : "http://hl7.org/fhir/ValueSet/route-codes",
      "version" : "4.0.1",
      "status" : "draft",
      "name" : "SNOMEDCTRouteCodes",
      "title" : "SNOMED CT Route Codes",
      "description" : "This value set includes all Route codes from SNOMED CT - provided as an exemplar.",
      "systems" : ["http://snomed.info/sct"],
      "oids" : ["2.16.840.1.113883.4.642.3.98"],
      "sources" : ["2.16.840.1.113883.4.642.3.98"],
      "uses" : {
      },
      "StructureDefinition-us-core-medicationdispense.html" : "US Core MedicationDispense Profile",
      "StructureDefinition-us-core-medicationrequest.html" : "US Core MedicationRequest Profile"
    },
    {
      "url" : "http://hl7.org/fhir/ValueSet/ucum-common",
      "version" : "4.0.1",
      "status" : "draft",
      "name" : "Common UCUM units",
      "title" : null,
      "description" : "Commonly encountered UCUM units (for purposes of helping populate look ups.",
      "systems" : ["http://unitsofmeasure.org"],
      "uses" : {
      },
      "StructureDefinition-us-core-medicationdispense.html" : "US Core MedicationDispense Profile",
      "StructureDefinition-us-core-medicationrequest.html" : "US Core MedicationRequest Profile"
    },
    {
      "url" : "http://hl7.org/fhir/us/core/ValueSet/us-core-clinical-note-type",
      "version" : "0.0.0",
      "status" : "active",
      "name" : "USCoreClinicalNoteType",
      "title" : "US Core Clinical Note Type",
      "description" : "The US Core Clinical Note Type Value Set is a 'starter set' of types supported for fetching and storing clinical notes.",
      "systems" : ["http://loinc.org"]
    },
    {
      "url" : "http://hl7.org/fhir/us/core/ValueSet/us-core-condition-code",
      "version" : "7.0.0",
      "status" : "active",
      "name" : "USCoreConditionCodes",
      "title" : "US Core Condition Codes",
      "description" : "This describes the problem. Diagnosis/Problem List is broadly defined as a series of brief statements that catalog a patient's medical, nursing, dental, social, preventative and psychiatric events and issues that are relevant to that patient's healthcare (e.g., signs, symptoms, and defined conditions). ICD-10 is appropriate for Diagnosis information, and ICD-9 for historical information.",
      "systems" : [
        "http://hl7.org/fhir/sid/icd-10-cm",
        "http://hl7.org/fhir/sid/icd-9-cm",
        "http://snomed.info/sct"
      ],
      "oids" : ["2.16.840.1.113883.4.642.40.2.48.21"],
      "sources" : ["2.16.840.1.113883.4.642.40.2.48.21"],
      "uses" : {
      },
      "StructureDefinition-us-core-medicationrequest.html" : "US Core MedicationRequest Profile"
    },
    {
      "url" : "http://terminology.hl7.org/ValueSet/v3-ActPharmacySupplyType",
      "version" : "3.0.0",
      "status" : "active",
      "name" : "ActPharmacySupplyType",
      "title" : "ActPharmacySupplyType",
      "description" : "Identifies types of dispensing events",
      "systems" : ["http://terminology.hl7.org/CodeSystem/v3-ActCode"],
      "oids" : ["2.16.840.1.113883.1.11.16208"],
      "sources" : ["2.16.840.1.113883.1.11.16208"],
      "uses" : {
      },
      "StructureDefinition-us-core-medicationdispense.html" : "US Core MedicationDispense Profile"
    },
    {
      "url" : "http://terminology.hl7.org/ValueSet/v3-ActSubstanceAdminSubstitutionCode",
      "version" : "3.0.0",
      "status" : "active",
      "name" : "ActSubstanceAdminSubstitutionCode",
      "title" : "ActSubstanceAdminSubstitutionCode",
      "description" : "***No description***",
      "systems" : [
        "http://terminology.hl7.org/CodeSystem/v3-substanceAdminSubstitution"
      ],
      "oids" : ["2.16.840.1.113883.1.11.16621"],
      "sources" : ["2.16.840.1.113883.1.11.16621"],
      "uses" : {
      },
      "StructureDefinition-us-core-medicationdispense.html" : "US Core MedicationDispense Profile",
      "StructureDefinition-us-core-medicationrequest.html" : "US Core MedicationRequest Profile"
    },
    {
      "url" : "http://terminology.hl7.org/ValueSet/v3-SubstanceAdminSubstitutionReason",
      "version" : "3.0.0",
      "status" : "active",
      "name" : "SubstanceAdminSubstitutionReason",
      "title" : "SubstanceAdminSubstitutionReason",
      "description" : "***No description***",
      "systems" : ["http://terminology.hl7.org/CodeSystem/v3-ActReason"],
      "oids" : ["2.16.840.1.113883.1.11.19377"],
      "sources" : ["2.16.840.1.113883.1.11.19377"],
      "uses" : {
      },
      "StructureDefinition-us-core-medicationdispense.html" : "US Core MedicationDispense Profile",
      "StructureDefinition-us-core-medicationrequest.html" : "US Core MedicationRequest Profile"
    }
  ]
}
