{
  "resourceType" : "ValueSet",
  "id" : "us-core-adi-finding",
  "text" : {
    "status" : "generated",
    "div" : "<div xmlns=\"http://www.w3.org/1999/xhtml\"><ul><li>Include these codes as defined in <a href=\"http://www.snomed.org/\"><code>http://snomed.info/sct</code></a><table class=\"none\"><tr><td style=\"white-space:nowrap\"><b>Code</b></td><td><b>Display</b></td></tr><tr><td><a href=\"http://snomed.info/id/449891000124104\">449891000124104</a></td><td style=\"color: #cccccc\">No advance directive (finding)</td></tr><tr><td><a href=\"http://snomed.info/id/425392003\">425392003</a></td><td style=\"color: #cccccc\">Active advance directive (finding)</td></tr><tr><td><a href=\"http://snomed.info/id/304253006\">304253006</a></td><td style=\"color: #cccccc\">Not for resuscitation</td></tr><tr><td><a href=\"http://snomed.info/id/697978002\">697978002</a></td><td style=\"color: #cccccc\">Provider orders for life-sustaining treatment</td></tr></table></li></ul></div>"
  },
  "extension" : [{
    "url" : "http://hl7.org/fhir/StructureDefinition/structuredefinition-fmm",
    "valueInteger" : 0,
    "_valueInteger" : {
      "extension" : [{
        "url" : "http://hl7.org/fhir/StructureDefinition/structuredefinition-conformance-derivedFrom",
        "valueCanonical" : "http://www.fhir.org/guides/uscdi5-sandbox/ImplementationGuide/uscdi5-sandbox"
      }]
    }
  },
  {
    "url" : "http://hl7.org/fhir/StructureDefinition/structuredefinition-standards-status",
    "valueCode" : "trial-use",
    "_valueCode" : {
      "extension" : [{
        "url" : "http://hl7.org/fhir/StructureDefinition/structuredefinition-conformance-derivedFrom",
        "valueCanonical" : "http://www.fhir.org/guides/uscdi5-sandbox/ImplementationGuide/uscdi5-sandbox"
      }]
    }
  }],
  "url" : "http://hl7.org/fhir/us/core/ValueSet/us-core-adi-finding",
  "version" : "0.0.0",
  "name" : "USCoreADIFinding",
  "title" : "US Core ADI Finding",
  "status" : "active",
  "experimental" : false,
  "date" : "2024-05-30",
  "publisher" : "Health eData Inc",
  "contact" : [{
    "telecom" : [{
      "system" : "email",
      "value" : "mailto:ehaas@healthedatainc.com"
    }]
  }],
  "description" : "The US Core ADI Finding Value Set is a 'starter set' of findings used for fetching and storing advanced directives.",
  "copyright" : "# 1.This material contains content from LOINC (http://loinc.org). LOINC is # copyright \\xA9 1995-2020, Regenstrief Institute, Inc. and the Logical Observation # Identifiers Names and Codes (LOINC) Committee and is available at no cost under # the license at http://loinc.org/license. LOINC\\xAE is a registered United States # trademark of Regenstrief Institute, Inc 1. This value set includes content from SNOMED CT, which is copyright © 2002+ International Health Terminology Standards Development Organisation (IHTSDO), and distributed by agreement between IHTSDO and HL7. Implementer use of SNOMED CT is not covered by this agreement",
  "compose" : {
    "include" : [{
      "system" : "http://snomed.info/sct",
      "concept" : [{
        "code" : "449891000124104"
      },
      {
        "code" : "425392003"
      },
      {
        "code" : "304253006"
      },
      {
        "code" : "697978002"
      }]
    }]
  }
}