<?xml version="1.0" encoding="UTF-8"?>

<ValueSet xmlns="http://hl7.org/fhir">
  <id value="us-core-location-type"/>
  <text>
    <status value="generated"/><div xmlns="http://www.w3.org/1999/xhtml"><p class="res-header-id"><b>Generated Narrative: ValueSet us-core-location-type</b></p><a name="us-core-location-type"> </a><a name="hcus-core-location-type"> </a><a name="us-core-location-type-en-US"> </a><p>This value set includes codes based on the following rules:</p><ul><li>Import all the codes that are contained in <a href="http://terminology.hl7.org/5.5.0/ValueSet-v3-ServiceDeliveryLocationRoleType.html">ServiceDeliveryLocationRoleType</a></li><li>Import all the codes that are contained in <a href="https://vsac.nlm.nih.gov/valueset/2.16.840.1.113883.1.11.20275/expansion">HealthcareServiceLocation</a></li></ul></div>
  </text>
  <extension url="http://hl7.org/fhir/StructureDefinition/structuredefinition-fmm">
    <valueInteger value="0">
      <extension url="http://hl7.org/fhir/StructureDefinition/structuredefinition-conformance-derivedFrom">
        <valueCanonical value="http://hl7.org/fhir/us/uscdi5-sandbox/ImplementationGuide/hl7.fhir.us.uscdi5-sandbox"/>
      </extension>
    </valueInteger>
  </extension>
  <extension url="http://hl7.org/fhir/StructureDefinition/structuredefinition-standards-status">
    <valueCode value="trial-use">
      <extension url="http://hl7.org/fhir/StructureDefinition/structuredefinition-conformance-derivedFrom">
        <valueCanonical value="http://hl7.org/fhir/us/uscdi5-sandbox/ImplementationGuide/hl7.fhir.us.uscdi5-sandbox"/>
      </extension>
    </valueCode>
  </extension>
  <url value="http://terminology.hl7.org/ValueSet/us-core-location-type"/>
  <version value="0.0.0"/>
  <name value="USCoreLocationType"/>
  <title value="US Core Location Type"/>
  <status value="active"/>
  <experimental value="false"/>
  <date value="2024-10-24"/>
  <publisher value="HL7 International / Cross-Group Projects"/>
  <contact>
    <name value="HL7 International / Cross-Group Projects"/>
    <telecom>
      <system value="url"/>
      <value value="http://www.hl7.org/Special/committees/cgp"/>
    </telecom>
    <telecom>
      <system value="email"/>
      <value value="cgp@lists.HL7.org"/>
    </telecom>
  </contact>
  <contact>
    <name value="Health eData Inc"/>
    <telecom>
      <system value="email"/>
      <value value="mailto:ehaas@healthedatainc.com"/>
    </telecom>
  </contact>
  <description value="Concepts representing locations and settings where healthcare services are provided."/>
  <jurisdiction>
    <coding>
      <system value="urn:iso:std:iso:3166"/>
      <code value="US"/>
    </coding>
  </jurisdiction>
  <copyright value="Used by permission of HL7 International, all rights reserved Creative Commons License"/>
  <compose>
    <include>
      <valueSet value="http://terminology.hl7.org/ValueSet/v3-ServiceDeliveryLocationRoleType"/>
    </include>
    <include>
      <valueSet value="http://cts.nlm.nih.gov/fhir/ValueSet/2.16.840.1.113883.1.11.20275"/>
    </include>
  </compose>
</ValueSet>