{"resourceType":"ImplementationGuide","id":"hl7.fhir.us.uscdi5-sandbox","text":{"status":"generated","div":"<div xmlns=\"http://www.w3.org/1999/xhtml\"><p class=\"res-header-id\"><b>Generated Narrative: ImplementationGuide hl7.fhir.us.uscdi5-sandbox</b></p><a name=\"hl7.fhir.us.uscdi5-sandbox\"> </a><a name=\"hchl7.fhir.us.uscdi5-sandbox\"> </a><a name=\"hl7.fhir.us.uscdi5-sandbox-en-US\"> </a><h2>UCSDI5Sandbox</h2><p>The official URL for this implementation guide is: </p><pre>http://hl7.org/fhir/us/uscdi5-sandbox/ImplementationGuide/hl7.fhir.us.uscdi5-sandbox</pre><div><p>This is a sandbox IG for drafting USCDI5 profiles, examples and documentation of US Core for Version 8</p>\n</div></div>"},"extension":[{"url":"http://hl7.org/fhir/StructureDefinition/structuredefinition-standards-status","valueCode":"trial-use"},{"url":"http://hl7.org/fhir/StructureDefinition/structuredefinition-fmm","valueInteger":0}],"url":"http://hl7.org/fhir/us/uscdi5-sandbox/ImplementationGuide/hl7.fhir.us.uscdi5-sandbox","version":"0.0.0","name":"UCSDI5Sandbox","title":"UCSDI5 Sandbox","status":"active","date":"2024-11-19T04:31:12+00:00","publisher":"HL7 International / Cross-Group Projects","contact":[{"name":"HL7 International / Cross-Group Projects","telecom":[{"system":"url","value":"http://www.hl7.org/Special/committees/cgp"},{"system":"email","value":"cgp@lists.HL7.org"}]},{"name":"Health eData Inc","telecom":[{"system":"email","value":"mailto:ehaas@healthedatainc.com"}]}],"description":"This is a sandbox IG for drafting USCDI5 profiles, examples and documentation of US Core for Version 8","jurisdiction":[{"coding":[{"system":"urn:iso:std:iso:3166","code":"US"}]}],"copyright":"Used by permission of HL7 International, all rights reserved Creative Commons License","packageId":"hl7.fhir.us.uscdi5-sandbox","license":"CC0-1.0","fhirVersion":["4.0.1"],"dependsOn":[{"id":"hl7tx","extension":[{"url":"http://hl7.org/fhir/tools/StructureDefinition/implementationguide-dependency-comment","valueMarkdown":"Automatically added as a dependency - all IGs depend on HL7 Terminology"}],"uri":"http://terminology.hl7.org/ImplementationGuide/hl7.terminology","packageId":"hl7.terminology.r4","version":"6.1.0"},{"id":"uscore3","uri":"http://hl7.org/fhir/us/core/ImplementationGuide/hl7.fhir.us.core","packageId":"hl7.fhir.us.core.3.1.1","version":"3.1.1"},{"id":"uscore6","uri":"http://hl7.org/fhir/us/core/ImplementationGuide/hl7.fhir.us.core","packageId":"hl7.fhir.us.core","version":"6.1.0"},{"id":"uscore7","uri":"http://hl7.org/fhir/us/core/ImplementationGuide/hl7.fhir.us.core","packageId":"hl7.fhir.us.core.v700","version":"7.0.0"},{"id":"hl7_fhir_uv_smart_app_launch","uri":"http://hl7.org/fhir/smart-app-launch/ImplementationGuide/hl7.fhir.uv.smart-app-launch","packageId":"hl7.fhir.uv.smart-app-launch","version":"2.0.0"},{"id":"vsac","uri":"http://fhir.org/packages/us.nlm.vsac/ImplementationGuide/us.nlm.vsac","packageId":"us.nlm.vsac","version":"0.19.0"},{"id":"hl7_fhir_uv_sdc","uri":"http://hl7.org/fhir/uv/sdc/ImplementationGuide/hl7.fhir.uv.sdc","packageId":"hl7.fhir.uv.sdc","version":"3.0.0"},{"id":"hl7_fhir_uv_extensions","uri":"http://hl7.org/fhir/extensions/ImplementationGuide/hl7.fhir.uv.extensions","packageId":"hl7.fhir.uv.extensions","version":"5.1.0-cibuild"},{"id":"hl7_cda_us_ccda","uri":"http://hl7.org/cda/stds/core/ImplementationGuide/hl7.cda.uv.core","packageId":"hl7.cda.us.ccda","version":"3.0.0"},{"id":"backport","uri":"http://hl7.org/fhir/uv/subscriptions-backport/ImplementationGuide/hl7.fhir.uv.subscriptions-backport","packageId":"hl7.fhir.uv.subscriptions-backport.r4","version":"1.1.0"}],"definition":{"extension":[{"extension":[{"url":"code","valueString":"copyrightyear"},{"url":"value","valueString":"2020+"}],"url":"http://hl7.org/fhir/tools/StructureDefinition/ig-parameter"},{"extension":[{"url":"code","valueString":"releaselabel"},{"url":"value","valueString":"CI Build"}],"url":"http://hl7.org/fhir/tools/StructureDefinition/ig-parameter"},{"extension":[{"url":"code","valueString":"path-expansion-params"},{"url":"value","valueString":"../../input/_resources/exp-params.json"}],"url":"http://hl7.org/fhir/tools/StructureDefinition/ig-parameter"},{"extension":[{"url":"code","valueString":"show-inherited-invariants"},{"url":"value","valueString":"true"}],"url":"http://hl7.org/fhir/tools/StructureDefinition/ig-parameter"},{"extension":[{"url":"code","valueString":"usage-stats-opt-out"},{"url":"value","valueString":"true"}],"url":"http://hl7.org/fhir/tools/StructureDefinition/ig-parameter"},{"extension":[{"url":"code","valueString":"path-output"},{"url":"value","valueString":"output"}],"url":"http://hl7.org/fhir/tools/StructureDefinition/ig-parameter"},{"extension":[{"url":"code","valueString":"path-liquid"},{"url":"value","valueString":"input/images/liquid"}],"url":"http://hl7.org/fhir/tools/StructureDefinition/ig-parameter"},{"extension":[{"url":"code","valueString":"excludexml"},{"url":"value","valueString":"true"}],"url":"http://hl7.org/fhir/tools/StructureDefinition/ig-parameter"},{"extension":[{"url":"code","valueString":"excludejson"},{"url":"value","valueString":"false"}],"url":"http://hl7.org/fhir/tools/StructureDefinition/ig-parameter"},{"extension":[{"url":"code","valueString":"excludettl"},{"url":"value","valueString":"true"}],"url":"http://hl7.org/fhir/tools/StructureDefinition/ig-parameter"},{"extension":[{"url":"code","valueString":"excludemap"},{"url":"value","valueString":"true"}],"url":"http://hl7.org/fhir/tools/StructureDefinition/ig-parameter"},{"extension":[{"url":"code","valueString":"propagate-status"},{"url":"value","valueString":"true"}],"url":"http://hl7.org/fhir/tools/StructureDefinition/ig-parameter"},{"extension":[{"url":"code","valueString":"path-history"},{"url":"value","valueString":"http://hl7.org/fhir/us/uscdi5-sandbox/history.html"}],"url":"http://hl7.org/fhir/tools/StructureDefinition/ig-parameter"},{"extension":[{"url":"code","valueString":"autoload-resources"},{"url":"value","valueString":"true"}],"url":"http://hl7.org/fhir/tools/StructureDefinition/ig-parameter"},{"extension":[{"url":"code","valueString":"path-liquid"},{"url":"value","valueString":"template/liquid"}],"url":"http://hl7.org/fhir/tools/StructureDefinition/ig-parameter"},{"extension":[{"url":"code","valueString":"path-liquid"},{"url":"value","valueString":"input/liquid"}],"url":"http://hl7.org/fhir/tools/StructureDefinition/ig-parameter"},{"extension":[{"url":"code","valueString":"path-qa"},{"url":"value","valueString":"temp/qa"}],"url":"http://hl7.org/fhir/tools/StructureDefinition/ig-parameter"},{"extension":[{"url":"code","valueString":"path-temp"},{"url":"value","valueString":"temp/pages"}],"url":"http://hl7.org/fhir/tools/StructureDefinition/ig-parameter"},{"extension":[{"url":"code","valueString":"path-suppressed-warnings"},{"url":"value","valueString":"input/ignoreWarnings.txt"}],"url":"http://hl7.org/fhir/tools/StructureDefinition/ig-parameter"},{"extension":[{"url":"code","valueString":"template-html"},{"url":"value","valueString":"template-page.html"}],"url":"http://hl7.org/fhir/tools/StructureDefinition/ig-parameter"},{"extension":[{"url":"code","valueString":"template-md"},{"url":"value","valueString":"template-page-md.html"}],"url":"http://hl7.org/fhir/tools/StructureDefinition/ig-parameter"},{"extension":[{"url":"code","valueString":"apply-contact"},{"url":"value","valueString":"true"}],"url":"http://hl7.org/fhir/tools/StructureDefinition/ig-parameter"},{"extension":[{"url":"code","valueString":"apply-context"},{"url":"value","valueString":"true"}],"url":"http://hl7.org/fhir/tools/StructureDefinition/ig-parameter"},{"extension":[{"url":"code","valueString":"apply-copyright"},{"url":"value","valueString":"true"}],"url":"http://hl7.org/fhir/tools/StructureDefinition/ig-parameter"},{"extension":[{"url":"code","valueString":"apply-jurisdiction"},{"url":"value","valueString":"true"}],"url":"http://hl7.org/fhir/tools/StructureDefinition/ig-parameter"},{"extension":[{"url":"code","valueString":"apply-license"},{"url":"value","valueString":"true"}],"url":"http://hl7.org/fhir/tools/StructureDefinition/ig-parameter"},{"extension":[{"url":"code","valueString":"apply-publisher"},{"url":"value","valueString":"true"}],"url":"http://hl7.org/fhir/tools/StructureDefinition/ig-parameter"},{"extension":[{"url":"code","valueString":"apply-version"},{"url":"value","valueString":"true"}],"url":"http://hl7.org/fhir/tools/StructureDefinition/ig-parameter"},{"extension":[{"url":"code","valueString":"apply-wg"},{"url":"value","valueString":"true"}],"url":"http://hl7.org/fhir/tools/StructureDefinition/ig-parameter"},{"extension":[{"url":"code","valueString":"active-tables"},{"url":"value","valueString":"true"}],"url":"http://hl7.org/fhir/tools/StructureDefinition/ig-parameter"},{"extension":[{"url":"code","valueString":"fmm-definition"},{"url":"value","valueString":"http://hl7.org/fhir/versions.html#maturity"}],"url":"http://hl7.org/fhir/tools/StructureDefinition/ig-parameter"},{"extension":[{"url":"code","valueString":"excludelogbinaryformat"},{"url":"value","valueString":"true"}],"url":"http://hl7.org/fhir/tools/StructureDefinition/ig-parameter"},{"extension":[{"url":"code","valueString":"tabbed-snapshots"},{"url":"value","valueString":"true"}],"url":"http://hl7.org/fhir/tools/StructureDefinition/ig-parameter"},{"url":"http://hl7.org/fhir/tools/StructureDefinition/ig-internal-dependency","valueCode":"hl7.fhir.uv.tools.r4#0.3.0"},{"extension":[{"url":"code","valueCode":"copyrightyear"},{"url":"value","valueString":"2020+"}],"url":"http://hl7.org/fhir/tools/StructureDefinition/ig-parameter"},{"extension":[{"url":"code","valueCode":"releaselabel"},{"url":"value","valueString":"CI Build"}],"url":"http://hl7.org/fhir/tools/StructureDefinition/ig-parameter"},{"extension":[{"url":"code","valueCode":"path-expansion-params"},{"url":"value","valueString":"../../input/_resources/exp-params.json"}],"url":"http://hl7.org/fhir/tools/StructureDefinition/ig-parameter"},{"extension":[{"url":"code","valueCode":"show-inherited-invariants"},{"url":"value","valueString":"true"}],"url":"http://hl7.org/fhir/tools/StructureDefinition/ig-parameter"},{"extension":[{"url":"code","valueCode":"usage-stats-opt-out"},{"url":"value","valueString":"true"}],"url":"http://hl7.org/fhir/tools/StructureDefinition/ig-parameter"},{"extension":[{"url":"code","valueCode":"path-output"},{"url":"value","valueString":"output"}],"url":"http://hl7.org/fhir/tools/StructureDefinition/ig-parameter"},{"extension":[{"url":"code","valueCode":"path-liquid"},{"url":"value","valueString":"input/images/liquid"}],"url":"http://hl7.org/fhir/tools/StructureDefinition/ig-parameter"},{"extension":[{"url":"code","valueCode":"excludexml"},{"url":"value","valueString":"true"}],"url":"http://hl7.org/fhir/tools/StructureDefinition/ig-parameter"},{"extension":[{"url":"code","valueCode":"excludejson"},{"url":"value","valueString":"false"}],"url":"http://hl7.org/fhir/tools/StructureDefinition/ig-parameter"},{"extension":[{"url":"code","valueCode":"excludettl"},{"url":"value","valueString":"true"}],"url":"http://hl7.org/fhir/tools/StructureDefinition/ig-parameter"},{"extension":[{"url":"code","valueCode":"excludemap"},{"url":"value","valueString":"true"}],"url":"http://hl7.org/fhir/tools/StructureDefinition/ig-parameter"},{"extension":[{"url":"code","valueCode":"propagate-status"},{"url":"value","valueString":"true"}],"url":"http://hl7.org/fhir/tools/StructureDefinition/ig-parameter"},{"extension":[{"url":"code","valueCode":"path-history"},{"url":"value","valueString":"http://hl7.org/fhir/us/uscdi5-sandbox/history.html"}],"url":"http://hl7.org/fhir/tools/StructureDefinition/ig-parameter"},{"extension":[{"url":"code","valueCode":"autoload-resources"},{"url":"value","valueString":"true"}],"url":"http://hl7.org/fhir/tools/StructureDefinition/ig-parameter"},{"extension":[{"url":"code","valueCode":"path-liquid"},{"url":"value","valueString":"template/liquid"}],"url":"http://hl7.org/fhir/tools/StructureDefinition/ig-parameter"},{"extension":[{"url":"code","valueCode":"path-liquid"},{"url":"value","valueString":"input/liquid"}],"url":"http://hl7.org/fhir/tools/StructureDefinition/ig-parameter"},{"extension":[{"url":"code","valueCode":"path-qa"},{"url":"value","valueString":"temp/qa"}],"url":"http://hl7.org/fhir/tools/StructureDefinition/ig-parameter"},{"extension":[{"url":"code","valueCode":"path-temp"},{"url":"value","valueString":"temp/pages"}],"url":"http://hl7.org/fhir/tools/StructureDefinition/ig-parameter"},{"extension":[{"url":"code","valueCode":"path-suppressed-warnings"},{"url":"value","valueString":"input/ignoreWarnings.txt"}],"url":"http://hl7.org/fhir/tools/StructureDefinition/ig-parameter"},{"extension":[{"url":"code","valueCode":"template-html"},{"url":"value","valueString":"template-page.html"}],"url":"http://hl7.org/fhir/tools/StructureDefinition/ig-parameter"},{"extension":[{"url":"code","valueCode":"template-md"},{"url":"value","valueString":"template-page-md.html"}],"url":"http://hl7.org/fhir/tools/StructureDefinition/ig-parameter"},{"extension":[{"url":"code","valueCode":"apply-contact"},{"url":"value","valueString":"true"}],"url":"http://hl7.org/fhir/tools/StructureDefinition/ig-parameter"},{"extension":[{"url":"code","valueCode":"apply-context"},{"url":"value","valueString":"true"}],"url":"http://hl7.org/fhir/tools/StructureDefinition/ig-parameter"},{"extension":[{"url":"code","valueCode":"apply-copyright"},{"url":"value","valueString":"true"}],"url":"http://hl7.org/fhir/tools/StructureDefinition/ig-parameter"},{"extension":[{"url":"code","valueCode":"apply-jurisdiction"},{"url":"value","valueString":"true"}],"url":"http://hl7.org/fhir/tools/StructureDefinition/ig-parameter"},{"extension":[{"url":"code","valueCode":"apply-license"},{"url":"value","valueString":"true"}],"url":"http://hl7.org/fhir/tools/StructureDefinition/ig-parameter"},{"extension":[{"url":"code","valueCode":"apply-publisher"},{"url":"value","valueString":"true"}],"url":"http://hl7.org/fhir/tools/StructureDefinition/ig-parameter"},{"extension":[{"url":"code","valueCode":"apply-version"},{"url":"value","valueString":"true"}],"url":"http://hl7.org/fhir/tools/StructureDefinition/ig-parameter"},{"extension":[{"url":"code","valueCode":"apply-wg"},{"url":"value","valueString":"true"}],"url":"http://hl7.org/fhir/tools/StructureDefinition/ig-parameter"},{"extension":[{"url":"code","valueCode":"active-tables"},{"url":"value","valueString":"true"}],"url":"http://hl7.org/fhir/tools/StructureDefinition/ig-parameter"},{"extension":[{"url":"code","valueCode":"fmm-definition"},{"url":"value","valueString":"http://hl7.org/fhir/versions.html#maturity"}],"url":"http://hl7.org/fhir/tools/StructureDefinition/ig-parameter"},{"extension":[{"url":"code","valueCode":"excludelogbinaryformat"},{"url":"value","valueString":"true"}],"url":"http://hl7.org/fhir/tools/StructureDefinition/ig-parameter"},{"extension":[{"url":"code","valueCode":"tabbed-snapshots"},{"url":"value","valueString":"true"}],"url":"http://hl7.org/fhir/tools/StructureDefinition/ig-parameter"},{"extension":[{"url":"code","valueCode":"copyrightyear"},{"url":"value","valueString":"2020+"}],"url":"http://hl7.org/fhir/tools/StructureDefinition/ig-parameter"},{"extension":[{"url":"code","valueCode":"releaselabel"},{"url":"value","valueString":"CI Build"}],"url":"http://hl7.org/fhir/tools/StructureDefinition/ig-parameter"},{"extension":[{"url":"code","valueCode":"path-expansion-params"},{"url":"value","valueString":"../../input/_resources/exp-params.json"}],"url":"http://hl7.org/fhir/tools/StructureDefinition/ig-parameter"},{"extension":[{"url":"code","valueCode":"show-inherited-invariants"},{"url":"value","valueString":"true"}],"url":"http://hl7.org/fhir/tools/StructureDefinition/ig-parameter"},{"extension":[{"url":"code","valueCode":"usage-stats-opt-out"},{"url":"value","valueString":"true"}],"url":"http://hl7.org/fhir/tools/StructureDefinition/ig-parameter"},{"extension":[{"url":"code","valueCode":"path-output"},{"url":"value","valueString":"output"}],"url":"http://hl7.org/fhir/tools/StructureDefinition/ig-parameter"},{"extension":[{"url":"code","valueCode":"path-liquid"},{"url":"value","valueString":"input/images/liquid"}],"url":"http://hl7.org/fhir/tools/StructureDefinition/ig-parameter"},{"extension":[{"url":"code","valueCode":"excludexml"},{"url":"value","valueString":"true"}],"url":"http://hl7.org/fhir/tools/StructureDefinition/ig-parameter"},{"extension":[{"url":"code","valueCode":"excludejson"},{"url":"value","valueString":"false"}],"url":"http://hl7.org/fhir/tools/StructureDefinition/ig-parameter"},{"extension":[{"url":"code","valueCode":"excludettl"},{"url":"value","valueString":"true"}],"url":"http://hl7.org/fhir/tools/StructureDefinition/ig-parameter"},{"extension":[{"url":"code","valueCode":"excludemap"},{"url":"value","valueString":"true"}],"url":"http://hl7.org/fhir/tools/StructureDefinition/ig-parameter"},{"extension":[{"url":"code","valueCode":"propagate-status"},{"url":"value","valueString":"true"}],"url":"http://hl7.org/fhir/tools/StructureDefinition/ig-parameter"},{"extension":[{"url":"code","valueCode":"path-history"},{"url":"value","valueString":"http://hl7.org/fhir/us/uscdi5-sandbox/history.html"}],"url":"http://hl7.org/fhir/tools/StructureDefinition/ig-parameter"},{"extension":[{"url":"code","valueCode":"autoload-resources"},{"url":"value","valueString":"true"}],"url":"http://hl7.org/fhir/tools/StructureDefinition/ig-parameter"},{"extension":[{"url":"code","valueCode":"path-liquid"},{"url":"value","valueString":"template/liquid"}],"url":"http://hl7.org/fhir/tools/StructureDefinition/ig-parameter"},{"extension":[{"url":"code","valueCode":"path-liquid"},{"url":"value","valueString":"input/liquid"}],"url":"http://hl7.org/fhir/tools/StructureDefinition/ig-parameter"},{"extension":[{"url":"code","valueCode":"path-qa"},{"url":"value","valueString":"temp/qa"}],"url":"http://hl7.org/fhir/tools/StructureDefinition/ig-parameter"},{"extension":[{"url":"code","valueCode":"path-temp"},{"url":"value","valueString":"temp/pages"}],"url":"http://hl7.org/fhir/tools/StructureDefinition/ig-parameter"},{"extension":[{"url":"code","valueCode":"path-suppressed-warnings"},{"url":"value","valueString":"input/ignoreWarnings.txt"}],"url":"http://hl7.org/fhir/tools/StructureDefinition/ig-parameter"},{"extension":[{"url":"code","valueCode":"template-html"},{"url":"value","valueString":"template-page.html"}],"url":"http://hl7.org/fhir/tools/StructureDefinition/ig-parameter"},{"extension":[{"url":"code","valueCode":"template-md"},{"url":"value","valueString":"template-page-md.html"}],"url":"http://hl7.org/fhir/tools/StructureDefinition/ig-parameter"},{"extension":[{"url":"code","valueCode":"apply-contact"},{"url":"value","valueString":"true"}],"url":"http://hl7.org/fhir/tools/StructureDefinition/ig-parameter"},{"extension":[{"url":"code","valueCode":"apply-context"},{"url":"value","valueString":"true"}],"url":"http://hl7.org/fhir/tools/StructureDefinition/ig-parameter"},{"extension":[{"url":"code","valueCode":"apply-copyright"},{"url":"value","valueString":"true"}],"url":"http://hl7.org/fhir/tools/StructureDefinition/ig-parameter"},{"extension":[{"url":"code","valueCode":"apply-jurisdiction"},{"url":"value","valueString":"true"}],"url":"http://hl7.org/fhir/tools/StructureDefinition/ig-parameter"},{"extension":[{"url":"code","valueCode":"apply-license"},{"url":"value","valueString":"true"}],"url":"http://hl7.org/fhir/tools/StructureDefinition/ig-parameter"},{"extension":[{"url":"code","valueCode":"apply-publisher"},{"url":"value","valueString":"true"}],"url":"http://hl7.org/fhir/tools/StructureDefinition/ig-parameter"},{"extension":[{"url":"code","valueCode":"apply-version"},{"url":"value","valueString":"true"}],"url":"http://hl7.org/fhir/tools/StructureDefinition/ig-parameter"},{"extension":[{"url":"code","valueCode":"apply-wg"},{"url":"value","valueString":"true"}],"url":"http://hl7.org/fhir/tools/StructureDefinition/ig-parameter"},{"extension":[{"url":"code","valueCode":"active-tables"},{"url":"value","valueString":"true"}],"url":"http://hl7.org/fhir/tools/StructureDefinition/ig-parameter"},{"extension":[{"url":"code","valueCode":"fmm-definition"},{"url":"value","valueString":"http://hl7.org/fhir/versions.html#maturity"}],"url":"http://hl7.org/fhir/tools/StructureDefinition/ig-parameter"},{"extension":[{"url":"code","valueCode":"excludelogbinaryformat"},{"url":"value","valueString":"true"}],"url":"http://hl7.org/fhir/tools/StructureDefinition/ig-parameter"},{"extension":[{"url":"code","valueCode":"tabbed-snapshots"},{"url":"value","valueString":"true"}],"url":"http://hl7.org/fhir/tools/StructureDefinition/ig-parameter"}],"grouping":[{"id":"-dyn-capabilitystatement","name":"Behavior: Capability Statements","description":"The following artifacts define the specific capabilities that different types of systems are expected to have in order to comply with this implementation guide.  Systems conforming to this implementation guide are expected to declare conformance to one or more of the following capability statements."},{"id":"-str-profile","name":"Structures: Resource Profiles","description":"These define constraints on FHIR resources for systems conforming to this implementation guide."},{"id":"-str-extension","name":"Structures: Extension Definitions","description":"These define constraints on FHIR data types for systems conforming to this implementation guide."},{"id":"-term-valueset","name":"Terminology: Value Sets","description":"These define sets of codes used by systems conforming to this implementation guide."},{"id":"-ex-example","name":"Example: Example Instances","description":"These are example instances that show what data produced and consumed by systems conforming with this implementation guide might look like."}],"resource":[{"extension":[{"url":"http://hl7.org/fhir/tools/StructureDefinition/resource-sort","valueInteger":999999999},{"url":"http://hl7.org/fhir/StructureDefinition/implementationguide-page","valueUri":"CapabilityStatement-us-core-server.html"}],"reference":{"reference":"CapabilityStatement/us-core-server"},"name":"US Core Server CapabilityStatement","description":"This Section describes the expected capabilities of the US Core Server actor which is responsible for providing responses to the queries submitted by the US Core Requestors. The complete list of FHIR profiles, RESTful operations, and search parameters supported by US Core Servers are defined. Systems implementing this capability statement should meet the ONC 2015 Common Clinical Data Set (CCDS) access requirement for Patient Selection 170.315(g)(7) and Application Access - Data Category Request 170.315(g)(8) and the ONC [U.S. Core Data for Interoperability (USCDI) Version 4 July 2023](https://www.healthit.gov/sites/isa/files/2023-07/Final-USCDI-Version-4-July-2023-Final.pdf).","exampleBoolean":false,"groupingId":"-dyn-capabilitystatement"},{"extension":[{"url":"http://hl7.org/fhir/tools/StructureDefinition/resource-sort","valueInteger":999999999},{"url":"http://hl7.org/fhir/StructureDefinition/implementationguide-page","valueUri":"StructureDefinition-us-core-adi-documentreference.html"}],"reference":{"reference":"StructureDefinition/us-core-adi-documentreference"},"name":"US Core ADI DocumentReference Profile","description":"The US Core ADI DocumentReference Profile inherits from the FHIR [DocumentReference](https://hl7.org/fhir/R4/documentreference.html) resource; refer to it for scope and usage definitions. This profile and the [US Core Observation ADI Documentation Profile](StructureDefinition-us-core-observation-adi-documentation.html) meet the [U.S. Core Data for Interoperability (USCDI)](https://www.healthit.gov/isp/united-states-core-data-interoperability-uscdi) *Advance Directive Observation* Data Element requirements. It sets minimum expectations for searching and fetching patient ADI documents using the DocumentReference resource. Examples of advance healthcare directive documents include physician order for life sustaining treatment (POLST), do not resuscitate order (DNR), and medical power of attorney. In addition to the document contents, it communicates the type of advance directive document, the author, the verifier, and other properties. To represent whether advance directive documents exist for a patient, see the US Core Observation ADI Documentation Profile. This profile sets minimum expectations for searching and fetching patient ADI documents using the DocumentReference resource. It specifies which core elements, extensions, vocabularies, and value sets **SHALL** be present and constrains how the elements are used. Providing the floor for standards development for specific use cases promotes interoperability and adoption.","exampleBoolean":false,"groupingId":"-str-profile"},{"extension":[{"url":"http://hl7.org/fhir/tools/StructureDefinition/resource-sort","valueInteger":999999999},{"url":"http://hl7.org/fhir/StructureDefinition/implementationguide-page","valueUri":"StructureDefinition-us-core-encounter.html"}],"reference":{"reference":"StructureDefinition/us-core-encounter"},"name":"US Core Encounter Profile","description":"The US Core Encounter Profile inherits from the FHIR [Encounter](https://hl7.org/fhir/R4/encounter.html) resource; refer to it for scope and usage definitions. This profile sets minimum expectations for the Encounter resource to record, search, and fetch basic encounter information for an individual patient. It specifies which core elements, extensions, vocabularies, and value sets **SHALL** be present and constrains how the elements are used. Providing the floor for standards development for specific use cases promotes interoperability and adoption.","exampleBoolean":false,"groupingId":"-str-profile"},{"extension":[{"url":"http://hl7.org/fhir/tools/StructureDefinition/resource-sort","valueInteger":999999999},{"url":"http://hl7.org/fhir/StructureDefinition/implementationguide-page","valueUri":"StructureDefinition-us-core-immunization.html"}],"reference":{"reference":"StructureDefinition/us-core-immunization"},"name":"US Core Immunization Profile","description":"The US Core Immunization Profile inherits from the FHIR [Immunization](https://hl7.org/fhir/R4/immunization.html) resource; refer to it for scope and usage definitions. This profile sets minimum expectations for the Immunization resource to record, search, and fetch immunization history associated with a patient. It specifies which core elements, extensions, vocabularies, and value sets **SHALL** be present and constrains how the elements are used. Providing the floor for standards development for specific use cases promotes interoperability and adoption.","exampleBoolean":false,"groupingId":"-str-profile"},{"extension":[{"url":"http://hl7.org/fhir/tools/StructureDefinition/resource-sort","valueInteger":999999999},{"url":"http://hl7.org/fhir/StructureDefinition/implementationguide-page","valueUri":"StructureDefinition-us-core-medicationdispense.html"}],"reference":{"reference":"StructureDefinition/us-core-medicationdispense"},"name":"US Core MedicationDispense Profile","description":"The US Core MedicationDispense Profile inherits from the FHIR [MedicationDispense](https://hl7.org/fhir/R4/medicationdispense.html) resource; refer to it for scope and usage definitions. This profile sets minimum expectations for the MedicationDispense resource to record, search, and fetch the state of a patients medication with regards to dispensing or other activity. (e.g., dispensed, partially dispensed, not dispensed)  It specifies which core elements, extensions, vocabularies, and value sets **SHALL** be present and constrains how the elements are used. Providing the floor for standards development for specific use cases promotes interoperability and adoption.","exampleBoolean":false,"groupingId":"-str-profile"},{"extension":[{"url":"http://hl7.org/fhir/tools/StructureDefinition/resource-sort","valueInteger":999999999},{"url":"http://hl7.org/fhir/StructureDefinition/implementationguide-page","valueUri":"StructureDefinition-us-core-medicationrequest.html"}],"reference":{"reference":"StructureDefinition/us-core-medicationrequest"},"name":"US Core MedicationRequest Profile","description":"The US Core MedicationRequest Profile inherits from the FHIR [MedicationRequest](https://hl7.org/fhir/R4/medicationrequest.html) resource; refer to it for scope and usage definitions. This profile meets the requirements of the [U.S. Core Data for Interoperability (USCDI)](https://www.healthit.gov/isp/united-states-core-data-interoperability-uscdi)  *Medications* Data Class. This profile sets minimum expectations for the MedicationRequest resource to record, search, and fetch a patient's medication prescriptions or orders. It specifies which core elements, extensions, vocabularies, and value sets **SHALL** be present in the resource and constrains how the elements are used. Providing the floor for standards development for specific use cases promotes interoperability and adoption.","exampleBoolean":false,"groupingId":"-str-profile"},{"extension":[{"url":"http://hl7.org/fhir/tools/StructureDefinition/resource-sort","valueInteger":999999999},{"url":"http://hl7.org/fhir/StructureDefinition/implementationguide-page","valueUri":"StructureDefinition-us-core-observation-adi-documentation.html"}],"reference":{"reference":"StructureDefinition/us-core-observation-adi-documentation"},"name":"US Core Observation ADI Documentation Profile","description":"The US Core Observation ADI Documentation Profile inherits from the FHIR [Observation](https://hl7.org/fhir/R4/observation.html) resource; refer to it for scope and usage definitions. This profile and the [US Core Observation ADI DocumentationReference Profile](StructureDefinition-us-core-adi-documentreference.html) meet the [U.S. Core Data for Interoperability (USCDI)](https://www.healthit.gov/isp/united-states-core-data-interoperability-uscdi) *Advance Directive Observation* Data Element requirements. It is used to communicate the presence and location of advance directive documents for a patient. Examples of advance healthcare directive documents include physician order for life sustaining treatment (POLST), do not resuscitate order (DNR), and medical power of attorney. To communicate the type of advance directive document, the author, the verifier, and other properties, see the US Core Observation ADI Documentation Profile. This profile sets minimum expectations for the Observation resource to record, search, and fetch findings about the presence of a patient's advance directives. It specifies which core elements, extensions,  vocabularies, and value sets **SHALL** be present in the resource and constrains how the elements are used. Providing the floor for standards development for specific use cases promotes interoperability and adoption.","exampleBoolean":false,"groupingId":"-str-profile"},{"extension":[{"url":"http://hl7.org/fhir/tools/StructureDefinition/resource-sort","valueInteger":999999999},{"url":"http://hl7.org/fhir/StructureDefinition/implementationguide-page","valueUri":"StructureDefinition-us-core-patient.html"}],"reference":{"reference":"StructureDefinition/us-core-patient"},"name":"US Core Patient Profile","description":"The US Core Patient Profile inherits from the FHIR [Patient](https://hl7.org/fhir/R4/patient.html) resource; refer to it for scope and usage definitions. This profile meets the requirements of the [U.S. Core Data for Interoperability (USCDI)](https://www.healthit.gov/isp/united-states-core-data-interoperability-uscdi) *Patient Demographics/Information* Data Class. It sets minimum expectations for the Patient resource to record, search, and fetch basic demographics and other administrative information about an individual patient. It specifies which core elements, extensions, vocabularies, and value sets **SHALL** be present and constrains how the elements are used. Providing the floor for standards development for specific use cases promotes interoperability and adoption.","exampleBoolean":false,"groupingId":"-str-profile"},{"extension":[{"url":"http://hl7.org/fhir/tools/StructureDefinition/resource-sort","valueInteger":999999999},{"url":"http://hl7.org/fhir/StructureDefinition/implementationguide-page","valueUri":"StructureDefinition-us-core-provenance.html"}],"reference":{"reference":"StructureDefinition/us-core-provenance"},"name":"US Core Provenance Profile","description":"The US Core Provenance Profile inherits from the FHIR [Provenance](https://hl7.org/fhir/R4/provenance.html) resource; refer to it for scope and usage definitions. This profile sets minimum expectations for the Provenance resource to record, search, and fetch provenance information associated with a record. It covers the minimal (basic) information to support lineage of information. It specifies which core elements, extensions, vocabularies, and value sets **SHALL** be present and constrains how the elements are used.   Before reviewing this profile, implementers are encouraged to read the Basic Provenance guidance page, which documents several key use cases, specifically, the organization responsible for the most recent action on the resource.","exampleBoolean":false,"groupingId":"-str-profile"},{"extension":[{"url":"http://hl7.org/fhir/tools/StructureDefinition/resource-sort","valueInteger":999999999},{"url":"http://hl7.org/fhir/StructureDefinition/implementationguide-page","valueUri":"StructureDefinition-us-core-servicerequest.html"}],"reference":{"reference":"StructureDefinition/us-core-servicerequest"},"name":"US Core ServiceRequest Profile","description":"The US Core ServiceRequest Profile inherits from the FHIR [ServiceRequest](https://hl7.org/fhir/R4/servicerequest.html) resource; refer to it for scope and usage definitions. This profile sets minimum expectations for recording, searching, and fetching the ServiceRequest information. It specifies which core elements, extensions, vocabularies, and value sets **SHALL** be present and constrains how the elements are used. Providing the floor for standards development for specific use cases promotes interoperability and adoption.","exampleBoolean":false,"groupingId":"-str-profile"},{"extension":[{"url":"http://hl7.org/fhir/tools/StructureDefinition/resource-sort","valueInteger":999999999},{"url":"http://hl7.org/fhir/StructureDefinition/implementationguide-page","valueUri":"StructureDefinition-us-core-specimen.html"}],"reference":{"reference":"StructureDefinition/us-core-specimen"},"name":"US Core Specimen Profile","description":"The US Core Specimen Profile inherits from the FHIR [Specimen](https://hl7.org/fhir/R4/specimen.html) resource; refer to it for scope and usage definitions. This profile sets minimum expectations for the Specimen resource to record, search, and fetch information about substances associated with a patient being sampled or tested (such as nasopharyngeal swab, whole blood,  or serum). It specifies which core elements, extensions, vocabularies, and value sets **SHALL** be present and constrains how the elements are used. Providing the floor for standards development for specific use cases promotes interoperability and adoption.","exampleBoolean":false,"groupingId":"-str-profile"},{"extension":[{"url":"http://hl7.org/fhir/tools/StructureDefinition/resource-sort","valueInteger":999999999},{"url":"http://hl7.org/fhir/StructureDefinition/implementationguide-page","valueUri":"StructureDefinition-patient-sexParameterForClinicalUse.html"}],"reference":{"reference":"StructureDefinition/patient-sexParameterForClinicalUse"},"name":"Patient Sex Parameter For Clinical Use","description":"This extension is a modified from the FHIR Standard Patient Sex Parameter For Clinical Use Extension to show how the  `.code` element  which is defined as a \"code that has the same meaning as the element in a particular terminology\" can be used to fulfil   USCDI's Applicable Vocabulary Standard(s) = LOINC 99501-9 (Sex parameter for clinical use).  It also displays the element in the slice and uses the loinc in the URL so it can be seen in the instance.","exampleBoolean":false,"groupingId":"-str-extension"},{"extension":[{"url":"http://hl7.org/fhir/tools/StructureDefinition/resource-sort","valueInteger":999999999},{"url":"http://hl7.org/fhir/StructureDefinition/implementationguide-page","valueUri":"StructureDefinition-us-core-authentication-time.html"}],"reference":{"reference":"StructureDefinition/us-core-authentication-time"},"name":"US Core Authentication Time Extension","description":"This extension indicates when the information in the document was verified.","exampleBoolean":false,"groupingId":"-str-extension"},{"extension":[{"url":"http://hl7.org/fhir/tools/StructureDefinition/resource-sort","valueInteger":999999999},{"url":"http://hl7.org/fhir/StructureDefinition/implementationguide-page","valueUri":"StructureDefinition-us-core-interpreter-required.html"}],"reference":{"reference":"StructureDefinition/us-core-interpreter-required"},"name":"US Core Interpreter Required Extension","description":"This extension indicates the individual's need for an interpreter to communicate healthcare information in a language other than the default language of the organization.","exampleBoolean":false,"groupingId":"-str-extension"},{"extension":[{"url":"http://hl7.org/fhir/tools/StructureDefinition/resource-sort","valueInteger":999999999},{"url":"http://hl7.org/fhir/StructureDefinition/implementationguide-page","valueUri":"ValueSet-us-core-adi-finding.html"}],"reference":{"reference":"ValueSet/us-core-adi-finding"},"name":"US Core ADI Finding","description":"The US Core ADI Finding Value Set is a 'starter set' of findings used for fetching and storing advanced directives.","exampleBoolean":false,"groupingId":"-term-valueset"},{"extension":[{"url":"http://hl7.org/fhir/tools/StructureDefinition/resource-sort","valueInteger":999999999},{"url":"http://hl7.org/fhir/StructureDefinition/implementationguide-page","valueUri":"ValueSet-us-core-clinical-note-type.html"}],"reference":{"reference":"ValueSet/us-core-clinical-note-type"},"name":"US Core Clinical Note Type","description":"The US Core Clinical Note Type Value Set is a 'starter set' of types supported for fetching and storing clinical notes.","exampleBoolean":false,"groupingId":"-term-valueset"},{"extension":[{"url":"http://hl7.org/fhir/tools/StructureDefinition/resource-sort","valueInteger":999999999},{"url":"http://hl7.org/fhir/StructureDefinition/implementationguide-page","valueUri":"ValueSet-us-core-location-type.html"}],"reference":{"reference":"ValueSet/us-core-location-type"},"name":"US Core Location Type","description":"Concepts representing locations and settings where healthcare services are provided.","exampleBoolean":false,"groupingId":"-term-valueset"},{"extension":[{"url":"http://hl7.org/fhir/tools/StructureDefinition/resource-sort","valueInteger":999999999},{"url":"http://hl7.org/fhir/StructureDefinition/implementationguide-page","valueUri":"ValueSet-us-core-specimen-condition.html"}],"reference":{"reference":"ValueSet/us-core-specimen-condition"},"name":"US Core Specimen Condition","description":"This value set contains concepts the provide information regarding a specimen, including the container, that does not meet a laboratory’s criteria for acceptability.","exampleBoolean":false,"groupingId":"-term-valueset"},{"extension":[{"url":"http://hl7.org/fhir/tools/StructureDefinition/resource-sort","valueInteger":999999999},{"url":"http://hl7.org/fhir/StructureDefinition/implementationguide-page","valueUri":"Observation-ADI-example.html"}],"reference":{"reference":"Observation/ADI-example"},"name":"ADI Observation Presence ADI Example","description":"This is a Observation example for the USCDI5 ADI Observation Data Element to show whether and location of a patient has an advance directive using a new code = \"45473-6\" - (Advance directive/living will completed) and and value of \"Yes\"/\"No\"/\"Unknown\" (TODO: pick a convenient value set  LOINC answer list ll50-6, Snomed, hl7 (https://terminology.hl7.org/ValueSet-yes-no-unknown-not-asked.html))","exampleBoolean":true,"groupingId":"-ex-example"},{"extension":[{"url":"http://hl7.org/fhir/tools/StructureDefinition/resource-sort","valueInteger":999999999},{"url":"http://hl7.org/fhir/StructureDefinition/implementationguide-page","valueUri":"Observation-no-ADI-example.html"}],"reference":{"reference":"Observation/no-ADI-example"},"name":"ADI Observation Presence No ADI Example","description":"This is a Observation example for the USCDI5 ADI Observation Data Element to show whether a patient has an advance directive using a new code = \"45473-6\" - (Advance directive/living will completed) and and value of \"Yes\"/\"No\"/\"Unknown\" (TODO: pick a convenient value set  LOINC answer list ll50-6, Snomed, hl7 (https://terminology.hl7.org/ValueSet-yes-no-unknown-not-asked.html))","exampleBoolean":true,"groupingId":"-ex-example"},{"extension":[{"url":"http://hl7.org/fhir/tools/StructureDefinition/resource-sort","valueInteger":999999999},{"url":"http://hl7.org/fhir/StructureDefinition/implementationguide-page","valueUri":"DocumentReference-discharge-summary.html"}],"reference":{"reference":"DocumentReference/discharge-summary"},"name":"Discharge Summary Example","description":"This is a discharge summary example for the *US Core DocumentReference*. It is used in the [Write Note Example](StructureDefinition-us-core-documentreference.html#mandatory-operation).","exampleCanonical":"http://hl7.org/fhir/us/core/StructureDefinition/us-core-documentreference","groupingId":"-ex-example"},{"extension":[{"url":"http://hl7.org/fhir/tools/StructureDefinition/resource-sort","valueInteger":999999999},{"url":"http://hl7.org/fhir/StructureDefinition/implementationguide-page","valueUri":"DocumentReference-adi-intubation.html"}],"reference":{"reference":"DocumentReference/adi-intubation"},"name":"DocRef ADI-DNI (PDF)","description":"This is a an example of ADI-DNI (PDF) for the *US Core ADI DocumentReference Profile*","exampleCanonical":"http://hl7.org/fhir/us/uscdi5-sandbox/StructureDefinition/us-core-adi-documentreference","groupingId":"-ex-example"},{"extension":[{"url":"http://hl7.org/fhir/tools/StructureDefinition/resource-sort","valueInteger":999999999},{"url":"http://hl7.org/fhir/StructureDefinition/implementationguide-page","valueUri":"DocumentReference-living-will.html"}],"reference":{"reference":"DocumentReference/living-will"},"name":"DocRef Living Will (PDF)","description":"This is a an example of Living Will (PDF) for the *US Core ADI DocumentReference Profile*","exampleCanonical":"http://hl7.org/fhir/us/uscdi5-sandbox/StructureDefinition/us-core-adi-documentreference","groupingId":"-ex-example"},{"extension":[{"url":"http://hl7.org/fhir/tools/StructureDefinition/resource-sort","valueInteger":999999999},{"url":"http://hl7.org/fhir/StructureDefinition/implementationguide-page","valueUri":"DocumentReference-polst.html"}],"reference":{"reference":"DocumentReference/polst"},"name":"DocRef POLST (PDF)","description":"This is a an example of POLST (PDF) for the *US Core ADI DocumentReference Profile*","exampleCanonical":"http://hl7.org/fhir/us/uscdi5-sandbox/StructureDefinition/us-core-adi-documentreference","groupingId":"-ex-example"},{"extension":[{"url":"http://hl7.org/fhir/tools/StructureDefinition/resource-sort","valueInteger":999999999},{"url":"http://hl7.org/fhir/StructureDefinition/implementationguide-page","valueUri":"Bundle-docref-example-1.html"}],"reference":{"reference":"Bundle/docref-example-1"},"name":"Docref Example 1","description":"This bundle is a the response to a $docref operation and contains an example *US Core DocumentReference*.  It is used in [Example 1: Request the latest CCD](StructureDefinition-us-core-documentreference.html#mandatory-operation).","exampleBoolean":true,"groupingId":"-ex-example"},{"extension":[{"url":"http://hl7.org/fhir/tools/StructureDefinition/resource-sort","valueInteger":999999999},{"url":"http://hl7.org/fhir/StructureDefinition/implementationguide-page","valueUri":"Bundle-docref-example-2.html"}],"reference":{"reference":"Bundle/docref-example-2"},"name":"Docref Example 2","description":"This bundle is a the response to a $docref operation and contains an examples of *US Core DocumentReference*.  It is used in [Example 2: Request Procedure Notes and Discharge Summaries for 2019](StructureDefinition-us-core-documentreference.html#mandatory-operation).","exampleBoolean":true,"groupingId":"-ex-example"},{"extension":[{"url":"http://hl7.org/fhir/tools/StructureDefinition/resource-sort","valueInteger":999999999},{"url":"http://hl7.org/fhir/StructureDefinition/implementationguide-page","valueUri":"Encounter-example-1.html"}],"reference":{"reference":"Encounter/example-1"},"name":"Encounter 1 Example","description":"This is a encounter 1 example for the *US Core Encounter Profile*.","exampleCanonical":"http://hl7.org/fhir/us/core/StructureDefinition/us-core-encounter","groupingId":"-ex-example"},{"extension":[{"url":"http://hl7.org/fhir/tools/StructureDefinition/resource-sort","valueInteger":999999999},{"url":"http://hl7.org/fhir/StructureDefinition/implementationguide-page","valueUri":"Immunization-imm-1.html"}],"reference":{"reference":"Immunization/imm-1"},"name":"Immunization Example 1","description":"This is an example for the *US Core Immunization Profile*.","exampleCanonical":"http://hl7.org/fhir/us/core/StructureDefinition/us-core-immunization","groupingId":"-ex-example"},{"extension":[{"url":"http://hl7.org/fhir/tools/StructureDefinition/resource-sort","valueInteger":999999999},{"url":"http://hl7.org/fhir/StructureDefinition/implementationguide-page","valueUri":"Specimen-example-serum-lipemic.html"}],"reference":{"reference":"Specimen/example-serum-lipemic"},"name":"Lipemic Serum Specimen Example","description":"This is a serum specimen example for the *US Core Specimen Profile*. It demonstrates the use of the USCDI requirements for specimen condition using SNOMED CT codes","exampleCanonical":"http://hl7.org/fhir/us/core/StructureDefinition/us-core-specimen","groupingId":"-ex-example"},{"extension":[{"url":"http://hl7.org/fhir/tools/StructureDefinition/resource-sort","valueInteger":999999999},{"url":"http://hl7.org/fhir/StructureDefinition/implementationguide-page","valueUri":"MedicationDispense-medicationdispense-example.html"}],"reference":{"reference":"MedicationDispense/medicationdispense-example"},"name":"Medication Dispense Example","description":"This is a dispense example for the *US Core MedicationDispense Profile*.","exampleCanonical":"http://hl7.org/fhir/us/core/StructureDefinition/us-core-medicationdispense","groupingId":"-ex-example"},{"extension":[{"url":"http://hl7.org/fhir/tools/StructureDefinition/resource-sort","valueInteger":999999999},{"url":"http://hl7.org/fhir/StructureDefinition/implementationguide-page","valueUri":"MedicationRequest-medicationrequest-coded-oral-axid.html"}],"reference":{"reference":"MedicationRequest/medicationrequest-coded-oral-axid"},"name":"MedicationRequest Coded Oral Axid Example","description":"This is an prescribed oral solution example for the *US Core MedicationRequest Profile*.  It represents the medication and reason using codes.","exampleCanonical":"http://hl7.org/fhir/us/core/StructureDefinition/us-core-medicationrequest","groupingId":"-ex-example"},{"extension":[{"url":"http://hl7.org/fhir/tools/StructureDefinition/resource-sort","valueInteger":999999999},{"url":"http://hl7.org/fhir/StructureDefinition/implementationguide-page","valueUri":"Patient-example.html"}],"reference":{"reference":"Patient/example"},"name":"Patient Example","description":"This is a patient example for the *US Core Patient Profile*.","exampleCanonical":"http://hl7.org/fhir/us/core/StructureDefinition/us-core-patient","groupingId":"-ex-example"}],"page":{"extension":[{"url":"http://hl7.org/fhir/StructureDefinition/structuredefinition-standards-status","valueCode":"informative"},{"url":"http://hl7.org/fhir/tools/StructureDefinition/ig-page-name","valueUrl":"toc.html"}],"nameUrl":"toc.html","title":"Table of Contents","generation":"html","page":[{"extension":[{"url":"http://hl7.org/fhir/StructureDefinition/structuredefinition-standards-status","valueCode":"draft"},{"url":"http://hl7.org/fhir/tools/StructureDefinition/ig-page-name","valueUrl":"index.html"}],"nameUrl":"index.html","title":"Home","generation":"markdown"},{"extension":[{"url":"http://hl7.org/fhir/StructureDefinition/structuredefinition-standards-status","valueCode":"informative"},{"url":"http://hl7.org/fhir/tools/StructureDefinition/ig-page-name","valueUrl":"conformance.html"}],"nameUrl":"conformance.html","title":"Conformance","generation":"markdown","page":[{"extension":[{"url":"http://hl7.org/fhir/StructureDefinition/structuredefinition-standards-status","valueCode":"informative"},{"url":"http://hl7.org/fhir/tools/StructureDefinition/ig-page-name","valueUrl":"must-support.html"}],"nameUrl":"must-support.html","title":"Must Support","generation":"markdown"}]},{"extension":[{"url":"http://hl7.org/fhir/StructureDefinition/structuredefinition-standards-status","valueCode":"informative"},{"url":"http://hl7.org/fhir/tools/StructureDefinition/ig-page-name","valueUrl":"guidance.html"}],"nameUrl":"guidance.html","title":"Guidance","generation":"markdown","page":[{"extension":[{"url":"http://hl7.org/fhir/StructureDefinition/structuredefinition-standards-status","valueCode":"informative"},{"url":"http://hl7.org/fhir/tools/StructureDefinition/ig-page-name","valueUrl":"uscdi.html"}],"nameUrl":"uscdi.html","title":"Uscdi","generation":"markdown"},{"extension":[{"url":"http://hl7.org/fhir/StructureDefinition/structuredefinition-standards-status","valueCode":"informative"},{"url":"http://hl7.org/fhir/tools/StructureDefinition/ig-page-name","valueUrl":"basic-provenance.html"}],"nameUrl":"basic-provenance.html","title":"Basic Provenance","generation":"markdown","page":[{"extension":[{"url":"http://hl7.org/fhir/StructureDefinition/structuredefinition-standards-status","valueCode":"informative"},{"url":"http://hl7.org/fhir/tools/StructureDefinition/ig-page-name","valueUrl":"element-level-provenance.html"}],"nameUrl":"element-level-provenance.html","title":"Using Provenance To Target Resource Elements","generation":"markdown"}]},{"extension":[{"url":"http://hl7.org/fhir/StructureDefinition/structuredefinition-standards-status","valueCode":"informative"},{"url":"http://hl7.org/fhir/tools/StructureDefinition/ig-page-name","valueUrl":"changes-between-versions.html"}],"nameUrl":"changes-between-versions.html","title":"Changes Between Versions","generation":"markdown"},{"extension":[{"url":"http://hl7.org/fhir/StructureDefinition/structuredefinition-standards-status","valueCode":"informative"},{"url":"http://hl7.org/fhir/tools/StructureDefinition/ig-page-name","valueUrl":"clinical-notes.html"}],"nameUrl":"clinical-notes.html","title":"Clinical Notes","generation":"markdown"},{"extension":[{"url":"http://hl7.org/fhir/StructureDefinition/structuredefinition-standards-status","valueCode":"informative"},{"url":"http://hl7.org/fhir/tools/StructureDefinition/ig-page-name","valueUrl":"spcu.html"}],"nameUrl":"spcu.html","title":"Sex Parameters for Clinical Use","generation":"markdown"}]},{"extension":[{"url":"http://hl7.org/fhir/StructureDefinition/structuredefinition-standards-status","valueCode":"informative"},{"url":"http://hl7.org/fhir/tools/StructureDefinition/ig-page-name","valueUrl":"downloads.html"}],"nameUrl":"downloads.html","title":"Downloads","generation":"markdown"},{"extension":[{"url":"http://hl7.org/fhir/StructureDefinition/structuredefinition-standards-status","valueCode":"informative"},{"url":"http://hl7.org/fhir/tools/StructureDefinition/ig-page-name","valueUrl":"ImplementationGuide.html"}],"nameUrl":"ImplementationGuide.html","title":"ImplementationGuide Resource","generation":"markdown"},{"extension":[{"url":"http://hl7.org/fhir/StructureDefinition/structuredefinition-standards-status","valueCode":"informative"},{"url":"http://hl7.org/fhir/tools/StructureDefinition/ig-page-name","valueUrl":"changes.html"}],"nameUrl":"changes.html","title":"Change Log","generation":"markdown"},{"extension":[{"url":"http://hl7.org/fhir/tools/StructureDefinition/ig-page-name","valueUrl":"artifacts.html"}],"nameUrl":"artifacts.html","title":"Artifacts Summary","generation":"html","page":[{"extension":[{"url":"http://hl7.org/fhir/tools/StructureDefinition/ig-page-name","valueUrl":"CapabilityStatement-us-core-server.html"}],"nameUrl":"CapabilityStatement-us-core-server.html","title":"US Core Server CapabilityStatement","generation":"generated"},{"extension":[{"url":"http://hl7.org/fhir/tools/StructureDefinition/ig-page-name","valueUrl":"StructureDefinition-us-core-adi-documentreference.html"}],"nameUrl":"StructureDefinition-us-core-adi-documentreference.html","title":"US Core ADI DocumentReference Profile","generation":"generated"},{"extension":[{"url":"http://hl7.org/fhir/tools/StructureDefinition/ig-page-name","valueUrl":"StructureDefinition-us-core-encounter.html"}],"nameUrl":"StructureDefinition-us-core-encounter.html","title":"US Core Encounter Profile","generation":"generated"},{"extension":[{"url":"http://hl7.org/fhir/tools/StructureDefinition/ig-page-name","valueUrl":"StructureDefinition-us-core-immunization.html"}],"nameUrl":"StructureDefinition-us-core-immunization.html","title":"US Core Immunization Profile","generation":"generated"},{"extension":[{"url":"http://hl7.org/fhir/tools/StructureDefinition/ig-page-name","valueUrl":"StructureDefinition-us-core-medicationdispense.html"}],"nameUrl":"StructureDefinition-us-core-medicationdispense.html","title":"US Core MedicationDispense Profile","generation":"generated"},{"extension":[{"url":"http://hl7.org/fhir/tools/StructureDefinition/ig-page-name","valueUrl":"StructureDefinition-us-core-medicationrequest.html"}],"nameUrl":"StructureDefinition-us-core-medicationrequest.html","title":"US Core MedicationRequest Profile","generation":"generated"},{"extension":[{"url":"http://hl7.org/fhir/tools/StructureDefinition/ig-page-name","valueUrl":"StructureDefinition-us-core-observation-adi-documentation.html"}],"nameUrl":"StructureDefinition-us-core-observation-adi-documentation.html","title":"US Core Observation ADI Documentation Profile","generation":"generated"},{"extension":[{"url":"http://hl7.org/fhir/tools/StructureDefinition/ig-page-name","valueUrl":"StructureDefinition-us-core-patient.html"}],"nameUrl":"StructureDefinition-us-core-patient.html","title":"US Core Patient Profile","generation":"generated"},{"extension":[{"url":"http://hl7.org/fhir/tools/StructureDefinition/ig-page-name","valueUrl":"StructureDefinition-us-core-provenance.html"}],"nameUrl":"StructureDefinition-us-core-provenance.html","title":"US Core Provenance Profile","generation":"generated"},{"extension":[{"url":"http://hl7.org/fhir/tools/StructureDefinition/ig-page-name","valueUrl":"StructureDefinition-us-core-servicerequest.html"}],"nameUrl":"StructureDefinition-us-core-servicerequest.html","title":"US Core ServiceRequest Profile","generation":"generated"},{"extension":[{"url":"http://hl7.org/fhir/tools/StructureDefinition/ig-page-name","valueUrl":"StructureDefinition-us-core-specimen.html"}],"nameUrl":"StructureDefinition-us-core-specimen.html","title":"US Core Specimen Profile","generation":"generated"},{"extension":[{"url":"http://hl7.org/fhir/tools/StructureDefinition/ig-page-name","valueUrl":"StructureDefinition-patient-sexParameterForClinicalUse.html"}],"nameUrl":"StructureDefinition-patient-sexParameterForClinicalUse.html","title":"Patient Sex Parameter For Clinical Use","generation":"generated"},{"extension":[{"url":"http://hl7.org/fhir/tools/StructureDefinition/ig-page-name","valueUrl":"StructureDefinition-us-core-authentication-time.html"}],"nameUrl":"StructureDefinition-us-core-authentication-time.html","title":"US Core Authentication Time Extension","generation":"generated"},{"extension":[{"url":"http://hl7.org/fhir/tools/StructureDefinition/ig-page-name","valueUrl":"StructureDefinition-us-core-interpreter-required.html"}],"nameUrl":"StructureDefinition-us-core-interpreter-required.html","title":"US Core Interpreter Required Extension","generation":"generated"},{"extension":[{"url":"http://hl7.org/fhir/tools/StructureDefinition/ig-page-name","valueUrl":"ValueSet-us-core-adi-finding.html"}],"nameUrl":"ValueSet-us-core-adi-finding.html","title":"US Core ADI Finding","generation":"generated"},{"extension":[{"url":"http://hl7.org/fhir/tools/StructureDefinition/ig-page-name","valueUrl":"ValueSet-us-core-clinical-note-type.html"}],"nameUrl":"ValueSet-us-core-clinical-note-type.html","title":"US Core Clinical Note Type","generation":"generated"},{"extension":[{"url":"http://hl7.org/fhir/tools/StructureDefinition/ig-page-name","valueUrl":"ValueSet-us-core-location-type.html"}],"nameUrl":"ValueSet-us-core-location-type.html","title":"US Core Location Type","generation":"generated"},{"extension":[{"url":"http://hl7.org/fhir/tools/StructureDefinition/ig-page-name","valueUrl":"ValueSet-us-core-specimen-condition.html"}],"nameUrl":"ValueSet-us-core-specimen-condition.html","title":"US Core Specimen Condition","generation":"generated"},{"extension":[{"url":"http://hl7.org/fhir/tools/StructureDefinition/ig-page-name","valueUrl":"Observation-ADI-example.html"}],"nameUrl":"Observation-ADI-example.html","title":"ADI Observation Presence ADI Example","generation":"generated"},{"extension":[{"url":"http://hl7.org/fhir/tools/StructureDefinition/ig-page-name","valueUrl":"Observation-no-ADI-example.html"}],"nameUrl":"Observation-no-ADI-example.html","title":"ADI Observation Presence No ADI Example","generation":"generated"},{"extension":[{"url":"http://hl7.org/fhir/tools/StructureDefinition/ig-page-name","valueUrl":"DocumentReference-discharge-summary.html"}],"nameUrl":"DocumentReference-discharge-summary.html","title":"Discharge Summary Example","generation":"generated"},{"extension":[{"url":"http://hl7.org/fhir/tools/StructureDefinition/ig-page-name","valueUrl":"DocumentReference-adi-intubation.html"}],"nameUrl":"DocumentReference-adi-intubation.html","title":"DocRef ADI-DNI (PDF)","generation":"generated"},{"extension":[{"url":"http://hl7.org/fhir/tools/StructureDefinition/ig-page-name","valueUrl":"Bundle-docref-example-1.html"}],"nameUrl":"Bundle-docref-example-1.html","title":"Docref Example 1","generation":"generated"},{"extension":[{"url":"http://hl7.org/fhir/tools/StructureDefinition/ig-page-name","valueUrl":"Bundle-docref-example-2.html"}],"nameUrl":"Bundle-docref-example-2.html","title":"Docref Example 2","generation":"generated"},{"extension":[{"url":"http://hl7.org/fhir/tools/StructureDefinition/ig-page-name","valueUrl":"DocumentReference-living-will.html"}],"nameUrl":"DocumentReference-living-will.html","title":"DocRef Living Will (PDF)","generation":"generated"},{"extension":[{"url":"http://hl7.org/fhir/tools/StructureDefinition/ig-page-name","valueUrl":"DocumentReference-polst.html"}],"nameUrl":"DocumentReference-polst.html","title":"DocRef POLST (PDF)","generation":"generated"},{"extension":[{"url":"http://hl7.org/fhir/tools/StructureDefinition/ig-page-name","valueUrl":"Encounter-example-1.html"}],"nameUrl":"Encounter-example-1.html","title":"Encounter 1 Example","generation":"generated"},{"extension":[{"url":"http://hl7.org/fhir/tools/StructureDefinition/ig-page-name","valueUrl":"Immunization-imm-1.html"}],"nameUrl":"Immunization-imm-1.html","title":"Immunization Example 1","generation":"generated"},{"extension":[{"url":"http://hl7.org/fhir/tools/StructureDefinition/ig-page-name","valueUrl":"Specimen-example-serum-lipemic.html"}],"nameUrl":"Specimen-example-serum-lipemic.html","title":"Lipemic Serum Specimen Example","generation":"generated"},{"extension":[{"url":"http://hl7.org/fhir/tools/StructureDefinition/ig-page-name","valueUrl":"MedicationDispense-medicationdispense-example.html"}],"nameUrl":"MedicationDispense-medicationdispense-example.html","title":"Medication Dispense Example","generation":"generated"},{"extension":[{"url":"http://hl7.org/fhir/tools/StructureDefinition/ig-page-name","valueUrl":"MedicationRequest-medicationrequest-coded-oral-axid.html"}],"nameUrl":"MedicationRequest-medicationrequest-coded-oral-axid.html","title":"MedicationRequest Coded Oral Axid Example","generation":"generated"},{"extension":[{"url":"http://hl7.org/fhir/tools/StructureDefinition/ig-page-name","valueUrl":"Patient-example.html"}],"nameUrl":"Patient-example.html","title":"Patient Example","generation":"generated"}]}]},"parameter":[{"code":"path-resource","value":"input/resources"},{"code":"path-resource","value":"fsh-generated/resources"},{"code":"path-resource","value":"input/intro-notes"},{"code":"path-resource","value":"input/capabilities"},{"code":"path-resource","value":"input/examples"},{"code":"path-resource","value":"input/extensions"},{"code":"path-resource","value":"input/models"},{"code":"path-resource","value":"input/operations"},{"code":"path-resource","value":"input/profiles"},{"code":"path-resource","value":"input/vocabulary"},{"code":"path-resource","value":"input/testing"},{"code":"path-resource","value":"input/history"},{"code":"path-pages","value":"template/config"},{"code":"path-pages","value":"input/images"},{"code":"path-tx-cache","value":"input-cache/txcache"}]}}