{"resourceType":"ImplementationGuide","id":"hl7.fhir.us.uscdi5-sandbox","text":{"status":"generated","div":"<div xmlns=\"http://www.w3.org/1999/xhtml\"><p class=\"res-header-id\"><b>Generated Narrative: ImplementationGuide hl7.fhir.us.uscdi5-sandbox</b></p><a name=\"hl7.fhir.us.uscdi5-sandbox\"> </a><a name=\"hchl7.fhir.us.uscdi5-sandbox\"> </a><a name=\"hl7.fhir.us.uscdi5-sandbox-en-US\"> </a><h2>UCSDI5Sandbox</h2><p>The official URL for this implementation guide is: </p><pre>http://hl7.org/fhir/us/uscdi5-sandbox/ImplementationGuide/hl7.fhir.us.uscdi5-sandbox</pre><div><p>This is a sandbox IG for drafting USCDI5 profiles, examples and documentation of US Core for Version 8</p>\n</div></div>"},"extension":[{"url":"http://hl7.org/fhir/StructureDefinition/structuredefinition-standards-status","valueCode":"trial-use"},{"url":"http://hl7.org/fhir/StructureDefinition/structuredefinition-fmm","valueInteger":0}],"url":"http://hl7.org/fhir/us/uscdi5-sandbox/ImplementationGuide/hl7.fhir.us.uscdi5-sandbox","version":"0.0.0","name":"UCSDI5Sandbox","title":"UCSDI5 Sandbox","status":"active","date":"2024-08-19T17:07:17+00:00","publisher":"HL7 International / Cross-Group Projects","contact":[{"name":"HL7 International / Cross-Group Projects","telecom":[{"system":"url","value":"http://www.hl7.org/Special/committees/cgp"},{"system":"email","value":"cgp@lists.HL7.org"}]},{"name":"Health eData Inc","telecom":[{"system":"email","value":"mailto:ehaas@healthedatainc.com"}]}],"description":"This is a sandbox IG for drafting USCDI5 profiles, examples and documentation of US Core for Version 8","jurisdiction":[{"coding":[{"system":"urn:iso:std:iso:3166","code":"US"}]}],"copyright":"Used by permission of HL7 International, all rights reserved Creative Commons License","packageId":"hl7.fhir.us.uscdi5-sandbox","license":"CC0-1.0","fhirVersion":["4.0.1"],"dependsOn":[{"id":"hl7tx","extension":[{"url":"http://hl7.org/fhir/tools/StructureDefinition/implementationguide-dependency-comment","valueMarkdown":"Automatically added as a dependency - all IGs depend on HL7 Terminology"}],"uri":"http://terminology.hl7.org/ImplementationGuide/hl7.terminology","packageId":"hl7.terminology.r4","version":"6.0.2"},{"id":"uscore","uri":"http://hl7.org/fhir/us/core/ImplementationGuide/hl7.fhir.us.core","packageId":"hl7.fhir.us.core","version":"7.0.0"},{"id":"hl7_fhir_uv_smart_app_launch","uri":"http://hl7.org/fhir/smart-app-launch/ImplementationGuide/hl7.fhir.uv.smart-app-launch","packageId":"hl7.fhir.uv.smart-app-launch","version":"2.0.0"},{"id":"vsac","uri":"http://fhir.org/packages/us.nlm.vsac/ImplementationGuide/us.nlm.vsac","packageId":"us.nlm.vsac","version":"0.18.0"},{"id":"hl7_fhir_uv_sdc","uri":"http://hl7.org/fhir/uv/sdc/ImplementationGuide/hl7.fhir.uv.sdc","packageId":"hl7.fhir.uv.sdc","version":"3.0.0"},{"id":"hl7_fhir_uv_extensions","uri":"http://hl7.org/fhir/extensions/ImplementationGuide/hl7.fhir.uv.extensions","packageId":"hl7.fhir.uv.extensions","version":"5.1.0-cibuild"},{"id":"hl7_cda_us_ccda","uri":"http://hl7.org/cda/stds/core/ImplementationGuide/hl7.cda.uv.core","packageId":"hl7.cda.us.ccda","version":"3.0.0"},{"id":"backport","uri":"http://hl7.org/fhir/uv/subscriptions-backport/ImplementationGuide/hl7.fhir.uv.subscriptions-backport","packageId":"hl7.fhir.uv.subscriptions-backport.r4","version":"1.1.0"}],"definition":{"extension":[{"extension":[{"url":"code","valueString":"copyrightyear"},{"url":"value","valueString":"2020+"}],"url":"http://hl7.org/fhir/tools/StructureDefinition/ig-parameter"},{"extension":[{"url":"code","valueString":"releaselabel"},{"url":"value","valueString":"CI Build"}],"url":"http://hl7.org/fhir/tools/StructureDefinition/ig-parameter"},{"extension":[{"url":"code","valueString":"path-expansion-params"},{"url":"value","valueString":"../../input/_resources/exp-params.json"}],"url":"http://hl7.org/fhir/tools/StructureDefinition/ig-parameter"},{"extension":[{"url":"code","valueString":"show-inherited-invariants"},{"url":"value","valueString":"true"}],"url":"http://hl7.org/fhir/tools/StructureDefinition/ig-parameter"},{"extension":[{"url":"code","valueString":"usage-stats-opt-out"},{"url":"value","valueString":"true"}],"url":"http://hl7.org/fhir/tools/StructureDefinition/ig-parameter"},{"extension":[{"url":"code","valueString":"path-output"},{"url":"value","valueString":"output"}],"url":"http://hl7.org/fhir/tools/StructureDefinition/ig-parameter"},{"extension":[{"url":"code","valueString":"path-liquid"},{"url":"value","valueString":"input/images/liquid"}],"url":"http://hl7.org/fhir/tools/StructureDefinition/ig-parameter"},{"extension":[{"url":"code","valueString":"excludexml"},{"url":"value","valueString":"true"}],"url":"http://hl7.org/fhir/tools/StructureDefinition/ig-parameter"},{"extension":[{"url":"code","valueString":"excludejson"},{"url":"value","valueString":"false"}],"url":"http://hl7.org/fhir/tools/StructureDefinition/ig-parameter"},{"extension":[{"url":"code","valueString":"excludettl"},{"url":"value","valueString":"true"}],"url":"http://hl7.org/fhir/tools/StructureDefinition/ig-parameter"},{"extension":[{"url":"code","valueString":"excludemap"},{"url":"value","valueString":"true"}],"url":"http://hl7.org/fhir/tools/StructureDefinition/ig-parameter"},{"extension":[{"url":"code","valueString":"propagate-status"},{"url":"value","valueString":"true"}],"url":"http://hl7.org/fhir/tools/StructureDefinition/ig-parameter"},{"extension":[{"url":"code","valueString":"path-history"},{"url":"value","valueString":"http://hl7.org/fhir/us/uscdi5-sandbox/history.html"}],"url":"http://hl7.org/fhir/tools/StructureDefinition/ig-parameter"},{"extension":[{"url":"code","valueString":"autoload-resources"},{"url":"value","valueString":"true"}],"url":"http://hl7.org/fhir/tools/StructureDefinition/ig-parameter"},{"extension":[{"url":"code","valueString":"path-liquid"},{"url":"value","valueString":"template/liquid"}],"url":"http://hl7.org/fhir/tools/StructureDefinition/ig-parameter"},{"extension":[{"url":"code","valueString":"path-liquid"},{"url":"value","valueString":"input/liquid"}],"url":"http://hl7.org/fhir/tools/StructureDefinition/ig-parameter"},{"extension":[{"url":"code","valueString":"path-qa"},{"url":"value","valueString":"temp/qa"}],"url":"http://hl7.org/fhir/tools/StructureDefinition/ig-parameter"},{"extension":[{"url":"code","valueString":"path-temp"},{"url":"value","valueString":"temp/pages"}],"url":"http://hl7.org/fhir/tools/StructureDefinition/ig-parameter"},{"extension":[{"url":"code","valueString":"path-suppressed-warnings"},{"url":"value","valueString":"input/ignoreWarnings.txt"}],"url":"http://hl7.org/fhir/tools/StructureDefinition/ig-parameter"},{"extension":[{"url":"code","valueString":"template-html"},{"url":"value","valueString":"template-page.html"}],"url":"http://hl7.org/fhir/tools/StructureDefinition/ig-parameter"},{"extension":[{"url":"code","valueString":"template-md"},{"url":"value","valueString":"template-page-md.html"}],"url":"http://hl7.org/fhir/tools/StructureDefinition/ig-parameter"},{"extension":[{"url":"code","valueString":"apply-contact"},{"url":"value","valueString":"true"}],"url":"http://hl7.org/fhir/tools/StructureDefinition/ig-parameter"},{"extension":[{"url":"code","valueString":"apply-context"},{"url":"value","valueString":"true"}],"url":"http://hl7.org/fhir/tools/StructureDefinition/ig-parameter"},{"extension":[{"url":"code","valueString":"apply-copyright"},{"url":"value","valueString":"true"}],"url":"http://hl7.org/fhir/tools/StructureDefinition/ig-parameter"},{"extension":[{"url":"code","valueString":"apply-jurisdiction"},{"url":"value","valueString":"true"}],"url":"http://hl7.org/fhir/tools/StructureDefinition/ig-parameter"},{"extension":[{"url":"code","valueString":"apply-license"},{"url":"value","valueString":"true"}],"url":"http://hl7.org/fhir/tools/StructureDefinition/ig-parameter"},{"extension":[{"url":"code","valueString":"apply-publisher"},{"url":"value","valueString":"true"}],"url":"http://hl7.org/fhir/tools/StructureDefinition/ig-parameter"},{"extension":[{"url":"code","valueString":"apply-version"},{"url":"value","valueString":"true"}],"url":"http://hl7.org/fhir/tools/StructureDefinition/ig-parameter"},{"extension":[{"url":"code","valueString":"apply-wg"},{"url":"value","valueString":"true"}],"url":"http://hl7.org/fhir/tools/StructureDefinition/ig-parameter"},{"extension":[{"url":"code","valueString":"active-tables"},{"url":"value","valueString":"true"}],"url":"http://hl7.org/fhir/tools/StructureDefinition/ig-parameter"},{"extension":[{"url":"code","valueString":"fmm-definition"},{"url":"value","valueString":"http://hl7.org/fhir/versions.html#maturity"}],"url":"http://hl7.org/fhir/tools/StructureDefinition/ig-parameter"},{"extension":[{"url":"code","valueString":"excludelogbinaryformat"},{"url":"value","valueString":"true"}],"url":"http://hl7.org/fhir/tools/StructureDefinition/ig-parameter"},{"extension":[{"url":"code","valueString":"tabbed-snapshots"},{"url":"value","valueString":"true"}],"url":"http://hl7.org/fhir/tools/StructureDefinition/ig-parameter"},{"url":"http://hl7.org/fhir/tools/StructureDefinition/ig-internal-dependency","valueCode":"hl7.fhir.uv.tools#0.1.0"},{"extension":[{"url":"code","valueCode":"copyrightyear"},{"url":"value","valueString":"2020+"}],"url":"http://hl7.org/fhir/tools/StructureDefinition/ig-parameter"},{"extension":[{"url":"code","valueCode":"releaselabel"},{"url":"value","valueString":"CI Build"}],"url":"http://hl7.org/fhir/tools/StructureDefinition/ig-parameter"},{"extension":[{"url":"code","valueCode":"path-expansion-params"},{"url":"value","valueString":"../../input/_resources/exp-params.json"}],"url":"http://hl7.org/fhir/tools/StructureDefinition/ig-parameter"},{"extension":[{"url":"code","valueCode":"show-inherited-invariants"},{"url":"value","valueString":"true"}],"url":"http://hl7.org/fhir/tools/StructureDefinition/ig-parameter"},{"extension":[{"url":"code","valueCode":"usage-stats-opt-out"},{"url":"value","valueString":"true"}],"url":"http://hl7.org/fhir/tools/StructureDefinition/ig-parameter"},{"extension":[{"url":"code","valueCode":"path-output"},{"url":"value","valueString":"output"}],"url":"http://hl7.org/fhir/tools/StructureDefinition/ig-parameter"},{"extension":[{"url":"code","valueCode":"path-liquid"},{"url":"value","valueString":"input/images/liquid"}],"url":"http://hl7.org/fhir/tools/StructureDefinition/ig-parameter"},{"extension":[{"url":"code","valueCode":"excludexml"},{"url":"value","valueString":"true"}],"url":"http://hl7.org/fhir/tools/StructureDefinition/ig-parameter"},{"extension":[{"url":"code","valueCode":"excludejson"},{"url":"value","valueString":"false"}],"url":"http://hl7.org/fhir/tools/StructureDefinition/ig-parameter"},{"extension":[{"url":"code","valueCode":"excludettl"},{"url":"value","valueString":"true"}],"url":"http://hl7.org/fhir/tools/StructureDefinition/ig-parameter"},{"extension":[{"url":"code","valueCode":"excludemap"},{"url":"value","valueString":"true"}],"url":"http://hl7.org/fhir/tools/StructureDefinition/ig-parameter"},{"extension":[{"url":"code","valueCode":"propagate-status"},{"url":"value","valueString":"true"}],"url":"http://hl7.org/fhir/tools/StructureDefinition/ig-parameter"},{"extension":[{"url":"code","valueCode":"path-history"},{"url":"value","valueString":"http://hl7.org/fhir/us/uscdi5-sandbox/history.html"}],"url":"http://hl7.org/fhir/tools/StructureDefinition/ig-parameter"},{"extension":[{"url":"code","valueCode":"autoload-resources"},{"url":"value","valueString":"true"}],"url":"http://hl7.org/fhir/tools/StructureDefinition/ig-parameter"},{"extension":[{"url":"code","valueCode":"path-liquid"},{"url":"value","valueString":"template/liquid"}],"url":"http://hl7.org/fhir/tools/StructureDefinition/ig-parameter"},{"extension":[{"url":"code","valueCode":"path-liquid"},{"url":"value","valueString":"input/liquid"}],"url":"http://hl7.org/fhir/tools/StructureDefinition/ig-parameter"},{"extension":[{"url":"code","valueCode":"path-qa"},{"url":"value","valueString":"temp/qa"}],"url":"http://hl7.org/fhir/tools/StructureDefinition/ig-parameter"},{"extension":[{"url":"code","valueCode":"path-temp"},{"url":"value","valueString":"temp/pages"}],"url":"http://hl7.org/fhir/tools/StructureDefinition/ig-parameter"},{"extension":[{"url":"code","valueCode":"path-suppressed-warnings"},{"url":"value","valueString":"input/ignoreWarnings.txt"}],"url":"http://hl7.org/fhir/tools/StructureDefinition/ig-parameter"},{"extension":[{"url":"code","valueCode":"template-html"},{"url":"value","valueString":"template-page.html"}],"url":"http://hl7.org/fhir/tools/StructureDefinition/ig-parameter"},{"extension":[{"url":"code","valueCode":"template-md"},{"url":"value","valueString":"template-page-md.html"}],"url":"http://hl7.org/fhir/tools/StructureDefinition/ig-parameter"},{"extension":[{"url":"code","valueCode":"apply-contact"},{"url":"value","valueString":"true"}],"url":"http://hl7.org/fhir/tools/StructureDefinition/ig-parameter"},{"extension":[{"url":"code","valueCode":"apply-context"},{"url":"value","valueString":"true"}],"url":"http://hl7.org/fhir/tools/StructureDefinition/ig-parameter"},{"extension":[{"url":"code","valueCode":"apply-copyright"},{"url":"value","valueString":"true"}],"url":"http://hl7.org/fhir/tools/StructureDefinition/ig-parameter"},{"extension":[{"url":"code","valueCode":"apply-jurisdiction"},{"url":"value","valueString":"true"}],"url":"http://hl7.org/fhir/tools/StructureDefinition/ig-parameter"},{"extension":[{"url":"code","valueCode":"apply-license"},{"url":"value","valueString":"true"}],"url":"http://hl7.org/fhir/tools/StructureDefinition/ig-parameter"},{"extension":[{"url":"code","valueCode":"apply-publisher"},{"url":"value","valueString":"true"}],"url":"http://hl7.org/fhir/tools/StructureDefinition/ig-parameter"},{"extension":[{"url":"code","valueCode":"apply-version"},{"url":"value","valueString":"true"}],"url":"http://hl7.org/fhir/tools/StructureDefinition/ig-parameter"},{"extension":[{"url":"code","valueCode":"apply-wg"},{"url":"value","valueString":"true"}],"url":"http://hl7.org/fhir/tools/StructureDefinition/ig-parameter"},{"extension":[{"url":"code","valueCode":"active-tables"},{"url":"value","valueString":"true"}],"url":"http://hl7.org/fhir/tools/StructureDefinition/ig-parameter"},{"extension":[{"url":"code","valueCode":"fmm-definition"},{"url":"value","valueString":"http://hl7.org/fhir/versions.html#maturity"}],"url":"http://hl7.org/fhir/tools/StructureDefinition/ig-parameter"},{"extension":[{"url":"code","valueCode":"excludelogbinaryformat"},{"url":"value","valueString":"true"}],"url":"http://hl7.org/fhir/tools/StructureDefinition/ig-parameter"},{"extension":[{"url":"code","valueCode":"tabbed-snapshots"},{"url":"value","valueString":"true"}],"url":"http://hl7.org/fhir/tools/StructureDefinition/ig-parameter"},{"extension":[{"url":"code","valueCode":"copyrightyear"},{"url":"value","valueString":"2020+"}],"url":"http://hl7.org/fhir/tools/StructureDefinition/ig-parameter"},{"extension":[{"url":"code","valueCode":"releaselabel"},{"url":"value","valueString":"CI Build"}],"url":"http://hl7.org/fhir/tools/StructureDefinition/ig-parameter"},{"extension":[{"url":"code","valueCode":"path-expansion-params"},{"url":"value","valueString":"../../input/_resources/exp-params.json"}],"url":"http://hl7.org/fhir/tools/StructureDefinition/ig-parameter"},{"extension":[{"url":"code","valueCode":"show-inherited-invariants"},{"url":"value","valueString":"true"}],"url":"http://hl7.org/fhir/tools/StructureDefinition/ig-parameter"},{"extension":[{"url":"code","valueCode":"usage-stats-opt-out"},{"url":"value","valueString":"true"}],"url":"http://hl7.org/fhir/tools/StructureDefinition/ig-parameter"},{"extension":[{"url":"code","valueCode":"path-output"},{"url":"value","valueString":"output"}],"url":"http://hl7.org/fhir/tools/StructureDefinition/ig-parameter"},{"extension":[{"url":"code","valueCode":"path-liquid"},{"url":"value","valueString":"input/images/liquid"}],"url":"http://hl7.org/fhir/tools/StructureDefinition/ig-parameter"},{"extension":[{"url":"code","valueCode":"excludexml"},{"url":"value","valueString":"true"}],"url":"http://hl7.org/fhir/tools/StructureDefinition/ig-parameter"},{"extension":[{"url":"code","valueCode":"excludejson"},{"url":"value","valueString":"false"}],"url":"http://hl7.org/fhir/tools/StructureDefinition/ig-parameter"},{"extension":[{"url":"code","valueCode":"excludettl"},{"url":"value","valueString":"true"}],"url":"http://hl7.org/fhir/tools/StructureDefinition/ig-parameter"},{"extension":[{"url":"code","valueCode":"excludemap"},{"url":"value","valueString":"true"}],"url":"http://hl7.org/fhir/tools/StructureDefinition/ig-parameter"},{"extension":[{"url":"code","valueCode":"propagate-status"},{"url":"value","valueString":"true"}],"url":"http://hl7.org/fhir/tools/StructureDefinition/ig-parameter"},{"extension":[{"url":"code","valueCode":"path-history"},{"url":"value","valueString":"http://hl7.org/fhir/us/uscdi5-sandbox/history.html"}],"url":"http://hl7.org/fhir/tools/StructureDefinition/ig-parameter"},{"extension":[{"url":"code","valueCode":"autoload-resources"},{"url":"value","valueString":"true"}],"url":"http://hl7.org/fhir/tools/StructureDefinition/ig-parameter"},{"extension":[{"url":"code","valueCode":"path-liquid"},{"url":"value","valueString":"template/liquid"}],"url":"http://hl7.org/fhir/tools/StructureDefinition/ig-parameter"},{"extension":[{"url":"code","valueCode":"path-liquid"},{"url":"value","valueString":"input/liquid"}],"url":"http://hl7.org/fhir/tools/StructureDefinition/ig-parameter"},{"extension":[{"url":"code","valueCode":"path-qa"},{"url":"value","valueString":"temp/qa"}],"url":"http://hl7.org/fhir/tools/StructureDefinition/ig-parameter"},{"extension":[{"url":"code","valueCode":"path-temp"},{"url":"value","valueString":"temp/pages"}],"url":"http://hl7.org/fhir/tools/StructureDefinition/ig-parameter"},{"extension":[{"url":"code","valueCode":"path-suppressed-warnings"},{"url":"value","valueString":"input/ignoreWarnings.txt"}],"url":"http://hl7.org/fhir/tools/StructureDefinition/ig-parameter"},{"extension":[{"url":"code","valueCode":"template-html"},{"url":"value","valueString":"template-page.html"}],"url":"http://hl7.org/fhir/tools/StructureDefinition/ig-parameter"},{"extension":[{"url":"code","valueCode":"template-md"},{"url":"value","valueString":"template-page-md.html"}],"url":"http://hl7.org/fhir/tools/StructureDefinition/ig-parameter"},{"extension":[{"url":"code","valueCode":"apply-contact"},{"url":"value","valueString":"true"}],"url":"http://hl7.org/fhir/tools/StructureDefinition/ig-parameter"},{"extension":[{"url":"code","valueCode":"apply-context"},{"url":"value","valueString":"true"}],"url":"http://hl7.org/fhir/tools/StructureDefinition/ig-parameter"},{"extension":[{"url":"code","valueCode":"apply-copyright"},{"url":"value","valueString":"true"}],"url":"http://hl7.org/fhir/tools/StructureDefinition/ig-parameter"},{"extension":[{"url":"code","valueCode":"apply-jurisdiction"},{"url":"value","valueString":"true"}],"url":"http://hl7.org/fhir/tools/StructureDefinition/ig-parameter"},{"extension":[{"url":"code","valueCode":"apply-license"},{"url":"value","valueString":"true"}],"url":"http://hl7.org/fhir/tools/StructureDefinition/ig-parameter"},{"extension":[{"url":"code","valueCode":"apply-publisher"},{"url":"value","valueString":"true"}],"url":"http://hl7.org/fhir/tools/StructureDefinition/ig-parameter"},{"extension":[{"url":"code","valueCode":"apply-version"},{"url":"value","valueString":"true"}],"url":"http://hl7.org/fhir/tools/StructureDefinition/ig-parameter"},{"extension":[{"url":"code","valueCode":"apply-wg"},{"url":"value","valueString":"true"}],"url":"http://hl7.org/fhir/tools/StructureDefinition/ig-parameter"},{"extension":[{"url":"code","valueCode":"active-tables"},{"url":"value","valueString":"true"}],"url":"http://hl7.org/fhir/tools/StructureDefinition/ig-parameter"},{"extension":[{"url":"code","valueCode":"fmm-definition"},{"url":"value","valueString":"http://hl7.org/fhir/versions.html#maturity"}],"url":"http://hl7.org/fhir/tools/StructureDefinition/ig-parameter"},{"extension":[{"url":"code","valueCode":"excludelogbinaryformat"},{"url":"value","valueString":"true"}],"url":"http://hl7.org/fhir/tools/StructureDefinition/ig-parameter"},{"extension":[{"url":"code","valueCode":"tabbed-snapshots"},{"url":"value","valueString":"true"}],"url":"http://hl7.org/fhir/tools/StructureDefinition/ig-parameter"}],"grouping":[{"id":"-dyn-capabilitystatement","name":"Behavior: Capability Statements","description":"The following artifacts define the specific capabilities that different types of systems are expected to have in order to comply with this implementation guide.  Systems conforming to this implementation guide are expected to declare conformance to one or more of the following capability statements."},{"id":"-str-profile","name":"Structures: Resource Profiles","description":"These define constraints on FHIR resources for systems conforming to this implementation guide."},{"id":"-term-valueset","name":"Terminology: Value Sets","description":"These define sets of codes used by systems conforming to this implementation guide."},{"id":"-term-codesystem","name":"Terminology: Code Systems","description":"These define new code systems used by systems conforming to this implementation guide."},{"id":"-ex-example","name":"Example: Example Instances","description":"These are example instances that show what data produced and consumed by systems conforming with this implementation guide might look like."},{"id":"-other","name":"Other","description":"These are resources that are used within this implementation guide that do not fit into one of the other categories."}],"resource":[{"extension":[{"url":"http://hl7.org/fhir/tools/StructureDefinition/resource-sort","valueInteger":999999999},{"url":"http://hl7.org/fhir/StructureDefinition/implementationguide-page","valueUri":"CapabilityStatement-us-core-server.html"}],"reference":{"reference":"CapabilityStatement/us-core-server"},"name":"US Core Server CapabilityStatement","description":"This Section describes the expected capabilities of the US Core Server actor which is responsible for providing responses to the queries submitted by the US Core Requestors. The complete list of FHIR profiles, RESTful operations, and search parameters supported by US Core Servers are defined. Systems implementing this capability statement should meet the ONC 2015 Common Clinical Data Set (CCDS) access requirement for Patient Selection 170.315(g)(7) and Application Access - Data Category Request 170.315(g)(8) and the ONC [U.S. Core Data for Interoperability (USCDI) Version 4 July 2023](https://www.healthit.gov/sites/isa/files/2023-07/Final-USCDI-Version-4-July-2023-Final.pdf).","exampleBoolean":false,"groupingId":"-dyn-capabilitystatement"},{"extension":[{"url":"http://hl7.org/fhir/tools/StructureDefinition/resource-sort","valueInteger":999999999},{"url":"http://hl7.org/fhir/StructureDefinition/implementationguide-page","valueUri":"StructureDefinition-us-core-immunization.html"}],"reference":{"reference":"StructureDefinition/us-core-immunization"},"name":"US Core Immunization Profile","description":"The US Core Immunization Profile inherits from the FHIR [Immunization](https://hl7.org/fhir/R4/immunization.html) resource; refer to it for scope and usage definitions. This profile sets minimum expectations for the Immunization resource to record, search, and fetch immunization history associated with a patient. It specifies which core elements, extensions, vocabularies, and value sets **SHALL** be present and constrains how the elements are used. Providing the floor for standards development for specific use cases promotes interoperability and adoption.","exampleBoolean":false,"groupingId":"-str-profile"},{"extension":[{"url":"http://hl7.org/fhir/tools/StructureDefinition/resource-sort","valueInteger":999999999},{"url":"http://hl7.org/fhir/StructureDefinition/implementationguide-page","valueUri":"StructureDefinition-us-core-medicationdispense.html"}],"reference":{"reference":"StructureDefinition/us-core-medicationdispense"},"name":"US Core MedicationDispense Profile","description":"The US Core MedicationDispense Profile inherits from the FHIR [MedicationDispense](https://hl7.org/fhir/R4/medicationdispense.html) resource; refer to it for scope and usage definitions. This profile sets minimum expectations for the MedicationDispense resource to record, search, and fetch the state of a patients medication with regards to dispensing or other activity. (e.g., dispensed, partially dispensed, not dispensed)  It specifies which core elements, extensions, vocabularies, and value sets **SHALL** be present and constrains how the elements are used. Providing the floor for standards development for specific use cases promotes interoperability and adoption.","exampleBoolean":false,"groupingId":"-str-profile"},{"extension":[{"url":"http://hl7.org/fhir/tools/StructureDefinition/resource-sort","valueInteger":999999999},{"url":"http://hl7.org/fhir/StructureDefinition/implementationguide-page","valueUri":"StructureDefinition-us-core-medicationrequest.html"}],"reference":{"reference":"StructureDefinition/us-core-medicationrequest"},"name":"US Core MedicationRequest Profile","description":"The US Core MedicationRequest Profile inherits from the FHIR [MedicationRequest](https://hl7.org/fhir/R4/medicationrequest.html) resource; refer to it for scope and usage definitions. This profile meets the requirements of the U.S. Core Data for Interoperability (USCDI)  *Medications* Data Class. This profile sets minimum expectations for the MedicationRequest resource to record, search, and fetch a patient's medication prescriptions or orders. It specifies which core elements, extensions, vocabularies, and value sets **SHALL** be present in the resource and constrains how the elements are used. Providing the floor for standards development for specific use cases promotes interoperability and adoption.","exampleBoolean":false,"groupingId":"-str-profile"},{"extension":[{"url":"http://hl7.org/fhir/tools/StructureDefinition/resource-sort","valueInteger":999999999},{"url":"http://hl7.org/fhir/StructureDefinition/implementationguide-page","valueUri":"StructureDefinition-us-core-observation-adi-documentation.html"}],"reference":{"reference":"StructureDefinition/us-core-observation-adi-documentation"},"name":"US Core Observation ADI Documentation Profile","description":"The US Core Observation ADI Documentation Profile inherits from the FHIR [Observation](https://hl7.org/fhir/R4/observation.html) resource; refer to it for scope and usage definitions. This profile is used to indicate if additional advance directive documents, such as physician order for life sustaining treatment (MOLST or POLST) or Do Not Resuscitate Order (DNR) exist and a reference to the document. The observation is not intended to communicate the actual contents of those additional documents, if they exist, but are intended to represent that the documents exist so that further investigation can be undertaken to locate them or learn more about them. This profile sets minimum expectations for the Observation resource to record, search, and fetch findings about ADI Documentation. It specifies which core elements, extensions,  vocabularies, and value sets **SHALL** be present in the resource and constrains how the elements are used. Providing the floor for standards development for specific use cases promotes interoperability and adoption.","exampleBoolean":false,"groupingId":"-str-profile"},{"extension":[{"url":"http://hl7.org/fhir/tools/StructureDefinition/resource-sort","valueInteger":999999999},{"url":"http://hl7.org/fhir/StructureDefinition/implementationguide-page","valueUri":"StructureDefinition-us-core-patient.html"}],"reference":{"reference":"StructureDefinition/us-core-patient"},"name":"US Core Patient Profile","description":"The US Core Patient Profile inherits from the FHIR [Patient](https://hl7.org/fhir/R4/patient.html) resource; refer to it for scope and usage definitions. This profile meets the requirements of the U.S. Core Data for Interoperability (USCDI)  *Patient Demographics/Information* Data Class. It sets minimum expectations for the Patient resource to record, search, and fetch basic demographics and other administrative information about an individual patient. It specifies which core elements, extensions, vocabularies, and value sets **SHALL** be present and constrains how the elements are used. Providing the floor for standards development for specific use cases promotes interoperability and adoption.","exampleBoolean":false,"groupingId":"-str-profile"},{"extension":[{"url":"http://hl7.org/fhir/tools/StructureDefinition/resource-sort","valueInteger":999999999},{"url":"http://hl7.org/fhir/StructureDefinition/implementationguide-page","valueUri":"StructureDefinition-us-core-provenance.html"}],"reference":{"reference":"StructureDefinition/us-core-provenance"},"name":"US Core Provenance Profile","description":"The US Core Provenance Profile inherits from the FHIR [Provenance](https://hl7.org/fhir/R4/provenance.html) resource; refer to it for scope and usage definitions. This profile sets minimum expectations for the Provenance resource to record, search, and fetch provenance information associated with a record. It covers the minimal (basic) information to support lineage of information. It specifies which core elements, extensions, vocabularies, and value sets **SHALL** be present and constrains how the elements are used.   Before reviewing this profile, implementers are encouraged to read the Basic Provenance guidance page, which documents several key use cases, specifically, the organization responsible for the most recent action on the resource.","exampleBoolean":false,"groupingId":"-str-profile"},{"extension":[{"url":"http://hl7.org/fhir/tools/StructureDefinition/resource-sort","valueInteger":999999999},{"url":"http://hl7.org/fhir/StructureDefinition/implementationguide-page","valueUri":"StructureDefinition-us-core-servicerequest.html"}],"reference":{"reference":"StructureDefinition/us-core-servicerequest"},"name":"US Core ServiceRequest Profile","description":"The US Core ServiceRequest Profile inherits from the FHIR [ServiceRequest](https://hl7.org/fhir/R4/servicerequest.html) resource; refer to it for scope and usage definitions. This profile sets minimum expectations for recording, searching, and fetching the ServiceRequest information. It specifies which core elements, extensions, vocabularies, and value sets **SHALL** be present and constrains how the elements are used. Providing the floor for standards development for specific use cases promotes interoperability and adoption.","exampleBoolean":false,"groupingId":"-str-profile"},{"extension":[{"url":"http://hl7.org/fhir/tools/StructureDefinition/resource-sort","valueInteger":999999999},{"url":"http://hl7.org/fhir/StructureDefinition/implementationguide-page","valueUri":"ValueSet-foo-bar.html"}],"reference":{"reference":"ValueSet/foo-bar"},"name":"Foo Bar Test Value Set","description":"Foo Bar Test ValueSet","exampleBoolean":false,"groupingId":"-term-valueset"},{"extension":[{"url":"http://hl7.org/fhir/tools/StructureDefinition/resource-sort","valueInteger":999999999},{"url":"http://hl7.org/fhir/StructureDefinition/implementationguide-page","valueUri":"ValueSet-us-core-adi-finding.html"}],"reference":{"reference":"ValueSet/us-core-adi-finding"},"name":"US Core ADI Finding","description":"The US Core ADI Finding Value Set is a 'starter set' of findings used for fetching and storing advanced directives.","exampleBoolean":false,"groupingId":"-term-valueset"},{"extension":[{"url":"http://hl7.org/fhir/tools/StructureDefinition/resource-sort","valueInteger":999999999},{"url":"http://hl7.org/fhir/StructureDefinition/implementationguide-page","valueUri":"ValueSet-us-core-clinical-note-type.html"}],"reference":{"reference":"ValueSet/us-core-clinical-note-type"},"name":"US Core Clinical Note Type","description":"The US Core Clinical Note Type Value Set is a 'starter set' of types supported for fetching and storing clinical notes.","exampleBoolean":false,"groupingId":"-term-valueset"},{"extension":[{"url":"http://hl7.org/fhir/tools/StructureDefinition/resource-sort","valueInteger":999999999},{"url":"http://hl7.org/fhir/StructureDefinition/implementationguide-page","valueUri":"CodeSystem-foo-bar.html"}],"reference":{"reference":"CodeSystem/foo-bar"},"name":"Foo Bar Test Code System","description":"Foo Bar Test Code System","exampleBoolean":false,"groupingId":"-term-codesystem"},{"extension":[{"url":"http://hl7.org/fhir/tools/StructureDefinition/resource-sort","valueInteger":999999999},{"url":"http://hl7.org/fhir/StructureDefinition/implementationguide-page","valueUri":"Observation-ADI-example.html"}],"reference":{"reference":"Observation/ADI-example"},"name":"ADI Observation Example","description":"This is a Observation example for the USCDI5 ADI Observation Data Element","exampleCanonical":"http://hl7.org/fhir/us/core/StructureDefinition/us-core-observation-adi-documentation","groupingId":"-ex-example"},{"extension":[{"url":"http://hl7.org/fhir/tools/StructureDefinition/resource-sort","valueInteger":999999999},{"url":"http://hl7.org/fhir/StructureDefinition/implementationguide-page","valueUri":"DocumentReference-example-patient-adi.html"}],"reference":{"reference":"DocumentReference/example-patient-adi"},"name":"Example Patient Adi","description":"This is a DocumentReference example for the USCDI5 ADI Observation Data Element","exampleCanonical":"http://hl7.org/fhir/us/core/StructureDefinition/us-core-documentreference","groupingId":"-ex-example"},{"extension":[{"url":"http://hl7.org/fhir/tools/StructureDefinition/resource-sort","valueInteger":999999999},{"url":"http://hl7.org/fhir/StructureDefinition/implementationguide-page","valueUri":"Immunization-imm-1.html"}],"reference":{"reference":"Immunization/imm-1"},"name":"Imm 1 Example","description":"This is a imm 1 example for the *US Core Immunization Profile*.","exampleCanonical":"http://hl7.org/fhir/us/core/StructureDefinition/us-core-immunization","groupingId":"-ex-example"},{"extension":[{"url":"http://hl7.org/fhir/tools/StructureDefinition/resource-sort","valueInteger":999999999},{"url":"http://hl7.org/fhir/StructureDefinition/implementationguide-page","valueUri":"MedicationDispense-medicationdispense-example.html"}],"reference":{"reference":"MedicationDispense/medicationdispense-example"},"name":"Medication Dispense Example","description":"This is a dispense example for the *US Core MedicationDispense Profile*.","exampleCanonical":"http://hl7.org/fhir/us/core/StructureDefinition/us-core-medicationdispense","groupingId":"-ex-example"},{"extension":[{"url":"http://hl7.org/fhir/tools/StructureDefinition/resource-sort","valueInteger":999999999},{"url":"http://hl7.org/fhir/StructureDefinition/implementationguide-page","valueUri":"MedicationRequest-medicationrequest-coded-oral-axid.html"}],"reference":{"reference":"MedicationRequest/medicationrequest-coded-oral-axid"},"name":"MedicationRequest Coded Oral Axid Example","description":"This is an prescribed oral solution example for the *US Core MedicationRequest Profile*.  It represents the medication and reason using codes.","exampleCanonical":"http://hl7.org/fhir/us/core/StructureDefinition/us-core-medicationrequest","groupingId":"-ex-example"},{"extension":[{"url":"http://hl7.org/fhir/tools/StructureDefinition/resource-sort","valueInteger":999999999},{"url":"http://hl7.org/fhir/StructureDefinition/implementationguide-page","valueUri":"Patient-example.html"}],"reference":{"reference":"Patient/example"},"name":"Patient Example","description":"This is a patient example for the *US Core Patient Profile*.","exampleCanonical":"http://hl7.org/fhir/us/core/StructureDefinition/us-core-patient","groupingId":"-ex-example"},{"extension":[{"url":"http://hl7.org/fhir/tools/StructureDefinition/resource-sort","valueInteger":999999999},{"url":"http://hl7.org/fhir/StructureDefinition/implementationguide-page","valueUri":"Provenance-79614.html"}],"reference":{"reference":"Provenance/79614"},"name":"Provenance Example","description":"This is a Provenance example for the *US Core Patient Profile*.","exampleCanonical":"http://hl7.org/fhir/us/core/StructureDefinition/us-core-provenance","groupingId":"-ex-example"},{"extension":[{"url":"http://hl7.org/fhir/tools/StructureDefinition/resource-sort","valueInteger":999999999},{"url":"http://hl7.org/fhir/StructureDefinition/implementationguide-page","valueUri":"ServiceRequest-negation-example-code.html"}],"reference":{"reference":"ServiceRequest/negation-example-code"},"name":"negation-example-code","exampleCanonical":"http://www.fhir.org/guides/uscdi5-sandbox/StructureDefinition/us-core-servicerequest","groupingId":"-ex-example"},{"extension":[{"url":"http://hl7.org/fhir/tools/StructureDefinition/resource-sort","valueInteger":999999999},{"url":"http://hl7.org/fhir/StructureDefinition/implementationguide-page","valueUri":"SubscriptionTopic-us-core-encounter.html"}],"reference":{"reference":"SubscriptionTopic/us-core-encounter"},"name":"US Core Encounter Subscription Topic","description":"This topic allows subscribers to receive notifications for the US Core Encounter events represented by US Core US Core Encounter Profile, including create, update, and delete interactions.","exampleBoolean":false,"groupingId":"-other"},{"extension":[{"url":"http://hl7.org/fhir/tools/StructureDefinition/resource-sort","valueInteger":999999999},{"url":"http://hl7.org/fhir/StructureDefinition/implementationguide-page","valueUri":"SubscriptionTopic-us-core-immunization.html"}],"reference":{"reference":"SubscriptionTopic/us-core-immunization"},"name":"US Core Immunization Subscription Topic","description":"This topic allows subscribers to receive notifications for the US Core Immunization events represented by US Core US Core Immunization Profile, including create, update, and delete interactions.","exampleBoolean":false,"groupingId":"-other"},{"extension":[{"url":"http://hl7.org/fhir/tools/StructureDefinition/resource-sort","valueInteger":999999999},{"url":"http://hl7.org/fhir/StructureDefinition/implementationguide-page","valueUri":"SubscriptionTopic-us-core-laboratory-report.html"}],"reference":{"reference":"SubscriptionTopic/us-core-laboratory-report"},"name":"US Core Laboratory Report Subscription Topic","description":"This topic allows subscribers to receive notifications for the US Core Laboratory Report events represented by US Core US Core DiagnosticReport Profile for Laboratory Results Reporting, including create, update, and delete interactions.","exampleBoolean":false,"groupingId":"-other"},{"extension":[{"url":"http://hl7.org/fhir/tools/StructureDefinition/resource-sort","valueInteger":999999999},{"url":"http://hl7.org/fhir/StructureDefinition/implementationguide-page","valueUri":"SubscriptionTopic-us-core-laboratory-result.html"}],"reference":{"reference":"SubscriptionTopic/us-core-laboratory-result"},"name":"US Core Laboratory Result Subscription Topic","description":"This topic allows subscribers to receive notifications for the US Core Laboratory Result events represented by US Core US Core Laboratory Result Observation Profile, including create, update, and delete interactions.","exampleBoolean":false,"groupingId":"-other"},{"extension":[{"url":"http://hl7.org/fhir/tools/StructureDefinition/resource-sort","valueInteger":999999999},{"url":"http://hl7.org/fhir/StructureDefinition/implementationguide-page","valueUri":"SubscriptionTopic-us-core-problems-and-health-concerns.html"}],"reference":{"reference":"SubscriptionTopic/us-core-problems-and-health-concerns"},"name":"US Core Problems and Health Concerns Subscription Topic","description":"This topic allows subscribers to receive notifications for the US Core Problems and Health Concerns events represented by US Core US Core Condition Problems and Health Concerns Profile, including create, update, and delete interactions.","exampleBoolean":false,"groupingId":"-other"}],"page":{"extension":[{"url":"http://hl7.org/fhir/StructureDefinition/structuredefinition-standards-status","valueCode":"informative"},{"url":"http://hl7.org/fhir/tools/StructureDefinition/ig-page-name","valueUrl":"toc.html"}],"nameUrl":"toc.html","title":"Table of Contents","generation":"html","page":[{"extension":[{"url":"http://hl7.org/fhir/StructureDefinition/structuredefinition-standards-status","valueCode":"draft"},{"url":"http://hl7.org/fhir/tools/StructureDefinition/ig-page-name","valueUrl":"index.html"}],"nameUrl":"index.html","title":"Home","generation":"markdown"},{"extension":[{"url":"http://hl7.org/fhir/StructureDefinition/structuredefinition-standards-status","valueCode":"informative"},{"url":"http://hl7.org/fhir/tools/StructureDefinition/ig-page-name","valueUrl":"conformance.html"}],"nameUrl":"conformance.html","title":"Conformance","generation":"markdown","page":[{"extension":[{"url":"http://hl7.org/fhir/StructureDefinition/structuredefinition-standards-status","valueCode":"informative"},{"url":"http://hl7.org/fhir/tools/StructureDefinition/ig-page-name","valueUrl":"subscription.html"}],"nameUrl":"subscription.html","title":"Subscription","generation":"markdown"}]},{"extension":[{"url":"http://hl7.org/fhir/StructureDefinition/structuredefinition-standards-status","valueCode":"informative"},{"url":"http://hl7.org/fhir/tools/StructureDefinition/ig-page-name","valueUrl":"guidance.html"}],"nameUrl":"guidance.html","title":"Guidance","generation":"markdown","page":[{"extension":[{"url":"http://hl7.org/fhir/StructureDefinition/structuredefinition-standards-status","valueCode":"informative"},{"url":"http://hl7.org/fhir/tools/StructureDefinition/ig-page-name","valueUrl":"clinical-notes.html"}],"nameUrl":"clinical-notes.html","title":"Clinical Notes","generation":"markdown"}]},{"extension":[{"url":"http://hl7.org/fhir/StructureDefinition/structuredefinition-standards-status","valueCode":"informative"},{"url":"http://hl7.org/fhir/tools/StructureDefinition/ig-page-name","valueUrl":"downloads.html"}],"nameUrl":"downloads.html","title":"Downloads","generation":"markdown"},{"extension":[{"url":"http://hl7.org/fhir/StructureDefinition/structuredefinition-standards-status","valueCode":"informative"},{"url":"http://hl7.org/fhir/tools/StructureDefinition/ig-page-name","valueUrl":"ImplementationGuide.html"}],"nameUrl":"ImplementationGuide.html","title":"ImplementationGuide Resource","generation":"markdown"},{"extension":[{"url":"http://hl7.org/fhir/StructureDefinition/structuredefinition-standards-status","valueCode":"informative"},{"url":"http://hl7.org/fhir/tools/StructureDefinition/ig-page-name","valueUrl":"changes.html"}],"nameUrl":"changes.html","title":"Change Log","generation":"markdown"},{"extension":[{"url":"http://hl7.org/fhir/tools/StructureDefinition/ig-page-name","valueUrl":"artifacts.html"}],"nameUrl":"artifacts.html","title":"Artifacts Summary","generation":"html","page":[{"extension":[{"url":"http://hl7.org/fhir/tools/StructureDefinition/ig-page-name","valueUrl":"CapabilityStatement-us-core-server.html"}],"nameUrl":"CapabilityStatement-us-core-server.html","title":"US Core Server CapabilityStatement","generation":"generated"},{"extension":[{"url":"http://hl7.org/fhir/tools/StructureDefinition/ig-page-name","valueUrl":"StructureDefinition-us-core-immunization.html"}],"nameUrl":"StructureDefinition-us-core-immunization.html","title":"US Core Immunization Profile","generation":"generated"},{"extension":[{"url":"http://hl7.org/fhir/tools/StructureDefinition/ig-page-name","valueUrl":"StructureDefinition-us-core-medicationdispense.html"}],"nameUrl":"StructureDefinition-us-core-medicationdispense.html","title":"US Core MedicationDispense Profile","generation":"generated"},{"extension":[{"url":"http://hl7.org/fhir/tools/StructureDefinition/ig-page-name","valueUrl":"StructureDefinition-us-core-medicationrequest.html"}],"nameUrl":"StructureDefinition-us-core-medicationrequest.html","title":"US Core MedicationRequest Profile","generation":"generated"},{"extension":[{"url":"http://hl7.org/fhir/tools/StructureDefinition/ig-page-name","valueUrl":"StructureDefinition-us-core-observation-adi-documentation.html"}],"nameUrl":"StructureDefinition-us-core-observation-adi-documentation.html","title":"US Core Observation ADI Documentation Profile","generation":"generated"},{"extension":[{"url":"http://hl7.org/fhir/tools/StructureDefinition/ig-page-name","valueUrl":"StructureDefinition-us-core-patient.html"}],"nameUrl":"StructureDefinition-us-core-patient.html","title":"US Core Patient Profile","generation":"generated"},{"extension":[{"url":"http://hl7.org/fhir/tools/StructureDefinition/ig-page-name","valueUrl":"StructureDefinition-us-core-provenance.html"}],"nameUrl":"StructureDefinition-us-core-provenance.html","title":"US Core Provenance Profile","generation":"generated"},{"extension":[{"url":"http://hl7.org/fhir/tools/StructureDefinition/ig-page-name","valueUrl":"StructureDefinition-us-core-servicerequest.html"}],"nameUrl":"StructureDefinition-us-core-servicerequest.html","title":"US Core ServiceRequest Profile","generation":"generated"},{"extension":[{"url":"http://hl7.org/fhir/tools/StructureDefinition/ig-page-name","valueUrl":"ValueSet-foo-bar.html"}],"nameUrl":"ValueSet-foo-bar.html","title":"Foo Bar Test Value Set","generation":"generated"},{"extension":[{"url":"http://hl7.org/fhir/tools/StructureDefinition/ig-page-name","valueUrl":"ValueSet-us-core-adi-finding.html"}],"nameUrl":"ValueSet-us-core-adi-finding.html","title":"US Core ADI Finding","generation":"generated"},{"extension":[{"url":"http://hl7.org/fhir/tools/StructureDefinition/ig-page-name","valueUrl":"ValueSet-us-core-clinical-note-type.html"}],"nameUrl":"ValueSet-us-core-clinical-note-type.html","title":"US Core Clinical Note Type","generation":"generated"},{"extension":[{"url":"http://hl7.org/fhir/tools/StructureDefinition/ig-page-name","valueUrl":"CodeSystem-foo-bar.html"}],"nameUrl":"CodeSystem-foo-bar.html","title":"Foo Bar Test Code System","generation":"generated"},{"extension":[{"url":"http://hl7.org/fhir/tools/StructureDefinition/ig-page-name","valueUrl":"Observation-ADI-example.html"}],"nameUrl":"Observation-ADI-example.html","title":"ADI Observation Example","generation":"generated"},{"extension":[{"url":"http://hl7.org/fhir/tools/StructureDefinition/ig-page-name","valueUrl":"DocumentReference-example-patient-adi.html"}],"nameUrl":"DocumentReference-example-patient-adi.html","title":"Example Patient Adi","generation":"generated"},{"extension":[{"url":"http://hl7.org/fhir/tools/StructureDefinition/ig-page-name","valueUrl":"Immunization-imm-1.html"}],"nameUrl":"Immunization-imm-1.html","title":"Imm 1 Example","generation":"generated"},{"extension":[{"url":"http://hl7.org/fhir/tools/StructureDefinition/ig-page-name","valueUrl":"MedicationDispense-medicationdispense-example.html"}],"nameUrl":"MedicationDispense-medicationdispense-example.html","title":"Medication Dispense Example","generation":"generated"},{"extension":[{"url":"http://hl7.org/fhir/tools/StructureDefinition/ig-page-name","valueUrl":"MedicationRequest-medicationrequest-coded-oral-axid.html"}],"nameUrl":"MedicationRequest-medicationrequest-coded-oral-axid.html","title":"MedicationRequest Coded Oral Axid Example","generation":"generated"},{"extension":[{"url":"http://hl7.org/fhir/tools/StructureDefinition/ig-page-name","valueUrl":"ServiceRequest-negation-example-code.html"}],"nameUrl":"ServiceRequest-negation-example-code.html","title":"negation-example-code","generation":"generated"},{"extension":[{"url":"http://hl7.org/fhir/tools/StructureDefinition/ig-page-name","valueUrl":"Patient-example.html"}],"nameUrl":"Patient-example.html","title":"Patient Example","generation":"generated"},{"extension":[{"url":"http://hl7.org/fhir/tools/StructureDefinition/ig-page-name","valueUrl":"Provenance-79614.html"}],"nameUrl":"Provenance-79614.html","title":"Provenance Example","generation":"generated"},{"extension":[{"url":"http://hl7.org/fhir/tools/StructureDefinition/ig-page-name","valueUrl":"SubscriptionTopic-us-core-encounter.html"}],"nameUrl":"SubscriptionTopic-us-core-encounter.html","title":"US Core Encounter Subscription Topic","generation":"generated"},{"extension":[{"url":"http://hl7.org/fhir/tools/StructureDefinition/ig-page-name","valueUrl":"SubscriptionTopic-us-core-immunization.html"}],"nameUrl":"SubscriptionTopic-us-core-immunization.html","title":"US Core Immunization Subscription Topic","generation":"generated"},{"extension":[{"url":"http://hl7.org/fhir/tools/StructureDefinition/ig-page-name","valueUrl":"SubscriptionTopic-us-core-laboratory-report.html"}],"nameUrl":"SubscriptionTopic-us-core-laboratory-report.html","title":"US Core Laboratory Report Subscription Topic","generation":"generated"},{"extension":[{"url":"http://hl7.org/fhir/tools/StructureDefinition/ig-page-name","valueUrl":"SubscriptionTopic-us-core-laboratory-result.html"}],"nameUrl":"SubscriptionTopic-us-core-laboratory-result.html","title":"US Core Laboratory Result Subscription Topic","generation":"generated"},{"extension":[{"url":"http://hl7.org/fhir/tools/StructureDefinition/ig-page-name","valueUrl":"SubscriptionTopic-us-core-problems-and-health-concerns.html"}],"nameUrl":"SubscriptionTopic-us-core-problems-and-health-concerns.html","title":"US Core Problems and Health Concerns Subscription Topic","generation":"generated"}]}]},"parameter":[{"code":"path-resource","value":"input/resources"},{"code":"path-resource","value":"fsh-generated/resources"},{"code":"path-resource","value":"input/intro-notes"},{"code":"path-resource","value":"input/capabilities"},{"code":"path-resource","value":"input/examples"},{"code":"path-resource","value":"input/extensions"},{"code":"path-resource","value":"input/models"},{"code":"path-resource","value":"input/operations"},{"code":"path-resource","value":"input/profiles"},{"code":"path-resource","value":"input/vocabulary"},{"code":"path-resource","value":"input/testing"},{"code":"path-resource","value":"input/history"},{"code":"path-pages","value":"template/config"},{"code":"path-pages","value":"input/images"},{"code":"path-tx-cache","value":"input-cache/txcache"}]}}