{"resourceType":"ValueSet","id":"us-core-clinical-note-type","text":{"status":"generated","div":"<div xmlns=\"http://www.w3.org/1999/xhtml\"><ul><li>Include these codes as defined in <a href=\"http://loinc.org\"><code>http://loinc.org</code></a><table class=\"none\"><tr><td style=\"white-space:nowrap\"><b>Code</b></td><td><b>Display</b></td></tr><tr><td><a href=\"https://loinc.org/18842-5/\">18842-5</a></td><td style=\"color: #cccccc\">Discharge summary</td></tr><tr><td><a href=\"https://loinc.org/11488-4/\">11488-4</a></td><td style=\"color: #cccccc\">Consult note</td></tr><tr><td><a href=\"https://loinc.org/34117-2/\">34117-2</a></td><td style=\"color: #cccccc\">History and physical note</td></tr><tr><td><a href=\"https://loinc.org/11506-3/\">11506-3</a></td><td style=\"color: #cccccc\">Progress note</td></tr><tr><td><a href=\"https://loinc.org/28570-0/\">28570-0</a></td><td style=\"color: #cccccc\">Procedure note</td></tr><tr><td><a href=\"https://loinc.org/18748-4/\">18748-4</a></td><td style=\"color: #cccccc\">Diagnostic imaging study</td></tr><tr><td><a href=\"https://loinc.org/11502-2/\">11502-2</a></td><td style=\"color: #cccccc\">Laboratory report</td></tr><tr><td><a href=\"https://loinc.org/11526-1/\">11526-1</a></td><td style=\"color: #cccccc\">Pathology study</td></tr><tr><td><a href=\"https://loinc.org/11504-8/\">11504-8</a></td><td style=\"color: #cccccc\">Surgical operation note</td></tr><tr><td><a href=\"https://loinc.org/34111-5/\">34111-5</a></td><td style=\"color: #cccccc\">Emergency department Note</td></tr><tr><td><a href=\"https://loinc.org/42348-3/\">42348-3</a></td><td style=\"color: #cccccc\">Advance directives</td></tr></table></li></ul></div>"},"extension":[{"url":"http://hl7.org/fhir/StructureDefinition/structuredefinition-fmm","valueInteger":0,"_valueInteger":{"extension":[{"url":"http://hl7.org/fhir/StructureDefinition/structuredefinition-conformance-derivedFrom","valueCanonical":"http://www.fhir.org/guides/uscdi5-sandbox/ImplementationGuide/uscdi5-sandbox"}]}},{"url":"http://hl7.org/fhir/StructureDefinition/structuredefinition-standards-status","valueCode":"trial-use","_valueCode":{"extension":[{"url":"http://hl7.org/fhir/StructureDefinition/structuredefinition-conformance-derivedFrom","valueCanonical":"http://www.fhir.org/guides/uscdi5-sandbox/ImplementationGuide/uscdi5-sandbox"}]}}],"url":"http://hl7.org/fhir/us/core/ValueSet/us-core-clinical-note-type","version":"0.0.0","name":"USCoreClinicalNoteType","title":"US Core Clinical Note Type","status":"active","experimental":false,"date":"2024-05-14","publisher":"Health eData Inc","contact":[{"telecom":[{"system":"email","value":"mailto:ehaas@healthedatainc.com"}]}],"description":"The US Core Clinical Note Type Value Set is a 'starter set' of types supported for fetching and storing clinical notes.","copyright":"This material contains content from LOINC (http://loinc.org). LOINC is copyright © 1995-2020, Regenstrief Institute, Inc. and the Logical Observation Identifiers Names and Codes (LOINC) Committee and is available at no cost under the license at http://loinc.org/license. LOINC® is a registered United States trademark of Regenstrief Institute, Inc","compose":{"include":[{"system":"http://loinc.org","concept":[{"code":"18842-5"},{"code":"11488-4"},{"code":"34117-2"},{"code":"11506-3"},{"code":"28570-0"},{"code":"18748-4"},{"code":"11502-2"},{"code":"11526-1"},{"code":"11504-8"},{"code":"34111-5"},{"code":"42348-3"}]}]}}