{
  "resourceType" : "MedicationRequest",
  "id" : "medicationrequest-coded-oral-axid",
  "meta" : {
    "extension" : [{
      "url" : "http://hl7.org/fhir/StructureDefinition/instance-name",
      "valueString" : "MedicationRequest Coded Oral Axid Example"
    },
    {
      "url" : "http://hl7.org/fhir/StructureDefinition/instance-description",
      "valueMarkdown" : "This is an prescribed oral solution example for the *US Core MedicationRequest Profile*.  It represents the medication and reason using codes."
    }],
    "profile" : ["http://hl7.org/fhir/us/core/StructureDefinition/us-core-medicationrequest"]
  },
  "text" : {
    "status" : "extensions",
    "div" : "<div xmlns=\"http://www.w3.org/1999/xhtml\"><p class=\"res-header-id\"><b>Generated Narrative: MedicationRequest medicationrequest-coded-oral-axid</b></p><a name=\"medicationrequest-coded-oral-axid\"> </a><a name=\"hcmedicationrequest-coded-oral-axid\"> </a><a name=\"medicationrequest-coded-oral-axid-en-US\"> </a><blockquote><p><b>US Core Medication Adherence Extension</b></p><ul><li>medicationAdherence: <span title=\"Codes:{http://snomed.info/sct 275928001}\">Drugs - partial non-compliance (finding)</span></li><li>dateAsserted: 2023-08-11 08:15:49+0000</li><li>informationSource: <span title=\"Codes:{http://snomed.info/sct 116154003}\">Patient (person)</span></li><li>informationSource: <span title=\"Codes:{https://www.cdc.gov/nhsn/cdaportal/terminology/codesystem/hsloc.html 1179-1}\">Pharmacy</span></li></ul></blockquote><p><b>status</b>: Active</p><p><b>intent</b>: Order</p><p><b>medication</b>: <span title=\"Codes:{http://www.nlm.nih.gov/research/umls/rxnorm 476872}\">Nizatidine 15 MG/ML Oral Solution</span></p><p><b>subject</b>: <a href=\"Patient-example.html\">Amy Shaw</a></p><p><b>authoredOn</b>: 2008-04-05</p><p><b>requester</b>: <a href=\"http://hl7.org/fhir/us/core/STU7/Practitioner-practitioner-1.html\">Ronald Bone, MD</a></p><p><b>reasonCode</b>: <span title=\"Codes:{http://snomed.info/sct 51868009}\">Active Duodenal Ulcer</span></p><blockquote><p><b>dosageInstruction</b></p></blockquote><blockquote><p><b>dispenseRequest</b></p><p><b>numberOfRepeatsAllowed</b>: 1</p><p><b>quantity</b>: 480 mL<span style=\"background: LightGoldenRodYellow\"> (Details: UCUM  codemL = 'mL')</span></p><h3>ExpectedSupplyDurations</h3><table class=\"grid\"><tr><td style=\"display: none\">-</td><td><b>Value</b></td><td><b>Unit</b></td><td><b>System</b></td><td><b>Code</b></td></tr><tr><td style=\"display: none\">*</td><td>30</td><td>days</td><td><a href=\"http://terminology.hl7.org/6.0.2/CodeSystem-v3-ucum.html\">http://unitsofmeasure.org</a></td><td>d</td></tr></table></blockquote></div>"
  },
  "extension" : [{
    "extension" : [{
      "url" : "medicationAdherence",
      "valueCodeableConcept" : {
        "coding" : [{
          "system" : "http://snomed.info/sct",
          "code" : "275928001",
          "display" : "Drugs - partial non-compliance (finding)"
        }]
      }
    },
    {
      "url" : "dateAsserted",
      "valueDateTime" : "2023-08-11T08:15:49.449Z"
    },
    {
      "url" : "informationSource",
      "valueCodeableConcept" : {
        "coding" : [{
          "system" : "http://snomed.info/sct",
          "code" : "116154003",
          "display" : "Patient (person)"
        }]
      }
    },
    {
      "url" : "informationSource",
      "valueCodeableConcept" : {
        "coding" : [{
          "system" : "https://www.cdc.gov/nhsn/cdaportal/terminology/codesystem/hsloc.html",
          "code" : "1179-1",
          "display" : "Pharmacy"
        }]
      }
    }],
    "url" : "http://hl7.org/fhir/us/core/StructureDefinition/us-core-medication-adherence"
  }],
  "status" : "active",
  "intent" : "order",
  "medicationCodeableConcept" : {
    "coding" : [{
      "system" : "http://www.nlm.nih.gov/research/umls/rxnorm",
      "code" : "476872",
      "display" : "Nizatidine 15 MG/ML Oral Solution"
    }],
    "text" : "Nizatidine 15 MG/ML Oral Solution"
  },
  "subject" : {
    "reference" : "Patient/example",
    "display" : "Amy Shaw"
  },
  "authoredOn" : "2008-04-05",
  "requester" : {
    "reference" : "Practitioner/practitioner-1",
    "display" : "Ronald Bone, MD"
  },
  "reasonCode" : [{
    "coding" : [{
      "system" : "http://snomed.info/sct",
      "version" : "http://snomed.info/sct/731000124108",
      "code" : "51868009",
      "display" : "Ulcer of duodenum (disorder)"
    }],
    "text" : "Active Duodenal Ulcer"
  }],
  "dosageInstruction" : [{
    "text" : "10 mL bid",
    "timing" : {
      "repeat" : {
        "boundsPeriod" : {
          "start" : "2008-04-05"
        },
        "frequency" : 2,
        "period" : 1,
        "periodUnit" : "d"
      }
    },
    "route" : {
      "coding" : [{
        "system" : "http://snomed.info/sct",
        "version" : "http://snomed.info/sct/731000124108",
        "code" : "26643006",
        "display" : "Oral route"
      }]
    },
    "doseAndRate" : [{
      "doseQuantity" : {
        "value" : 10,
        "unit" : "ml",
        "system" : "http://unitsofmeasure.org",
        "code" : "mL"
      }
    }]
  }],
  "dispenseRequest" : {
    "numberOfRepeatsAllowed" : 1,
    "quantity" : {
      "value" : 480,
      "unit" : "mL",
      "system" : "http://unitsofmeasure.org",
      "code" : "mL"
    },
    "expectedSupplyDuration" : {
      "value" : 30,
      "unit" : "days",
      "system" : "http://unitsofmeasure.org",
      "code" : "d"
    }
  }
}