{
  "resourceType" : "Observation",
  "id" : "ADI-example",
  "meta" : {
    "extension" : [{
      "url" : "http://hl7.org/fhir/StructureDefinition/instance-name",
      "valueString" : "ADI Observation Example"
    },
    {
      "url" : "http://hl7.org/fhir/StructureDefinition/instance-description",
      "valueMarkdown" : "This is a Observation example for the USCDI5 ADI Observation Data Element"
    }]
  },
  "text" : {
    "status" : "generated",
    "div" : "<div xmlns=\"http://www.w3.org/1999/xhtml\"><p><b>Generated Narrative: Observation</b><a name=\"ADI-example\"> </a><a name=\"hcADI-example\"> </a></p><div style=\"display: inline-block; background-color: #d9e0e7; padding: 6px; margin: 4px; border: 1px solid #8da1b4; border-radius: 5px; line-height: 60%\"><p style=\"margin-bottom: 0px\">ResourceObservation &quot;ADI-example&quot; </p></div><p><b>status</b>: final</p><p><b>code</b>: Advance directives <span style=\"background: LightGoldenRodYellow; margin: 4px; border: 1px solid khaki\"> (<a href=\"https://loinc.org/\">LOINC</a>#42348-3)</span></p><p><b>subject</b>: <a href=\"Patient-example.html\">Patient/example</a> &quot; SHAW&quot;</p><p><b>focus</b>: <a href=\"DocumentReference-example-patient-adi.html\">DocumentReference/example-patient-adi: Person-Authored Advance Directive</a></p><p><b>effective</b>: 2024-05-16 01:06:06+0000</p><p><b>performer</b>: <a href=\"Patient-example.html\">Patient/example</a> &quot; SHAW&quot;</p><p><b>value</b>: Active advance directive (finding) <span style=\"background: LightGoldenRodYellow; margin: 4px; border: 1px solid khaki\"> (<a href=\"https://browser.ihtsdotools.org/\">SNOWMED CT</a>#425392003)</span></p></div>"
  },
  "status" : "final",
  "code" : {
    "coding" : [{
      "system" : "http://loinc.org",
      "code" : "42348-3",
      "display" : "Advance directives"
    }]
  },
  "subject" : {
    "reference" : "Patient/example"
  },
  "focus" : [{
    "reference" : "DocumentReference/example-patient-adi",
    "display" : "Person-Authored Advance Directive"
  }],
  "effectiveDateTime" : "2024-05-16T01:06:06.393000+00:00",
  "performer" : [{
    "reference" : "Patient/example"
  }],
  "valueCodeableConcept" : {
    "coding" : [{
      "system" : "http://snomed.info/sct",
      "code" : "425392003",
      "display" : "Active advance directive (finding)"
    }]
  }
}