{
  "resourceType" : "ValueSet",
  "id" : "foo-bar",
  "text" : {
    "status" : "extensions",
    "div" : "<div xmlns=\"http://www.w3.org/1999/xhtml\"><p class=\"res-header-id\"><b>Generated Narrative: ValueSet foo-bar</b></p><a name=\"foo-bar\"> </a><a name=\"hcfoo-bar\"> </a><a name=\"foo-bar-en-US\"> </a><ul><li>Include these codes as defined in <a href=\"CodeSystem-foo-bar.html\"><code>http://www.fhir.org/guides/uscdi5-sandbox/CodeSystem/foo-bar</code></a><table class=\"none\"><tr><td style=\"white-space:nowrap\"><b>Code</b></td><td><b>Display</b></td><td><b>Definition</b></td></tr><tr><td><a href=\"CodeSystem-foo-bar.html#foo-bar-foo\">foo</a></td><td style=\"color: #cccccc\">foo</td><td>Foo</td></tr><tr><td><a href=\"CodeSystem-foo-bar.html#foo-bar-bar\">bar</a></td><td style=\"color: #cccccc\">bar</td><td>Bar</td></tr></table></li></ul></div>"
  },
  "extension" : [{
    "url" : "http://hl7.org/fhir/StructureDefinition/structuredefinition-standards-status",
    "valueCode" : "informative",
    "_valueCode" : {
      "extension" : [{
        "url" : "http://hl7.org/fhir/StructureDefinition/structuredefinition-conformance-derivedFrom",
        "valueCanonical" : "http://www.fhir.org/guides/uscdi5-sandbox/ImplementationGuide/uscdi5-sandbox"
      }]
    }
  }],
  "url" : "http://www.fhir.org/guides/uscdi5-sandbox/ValueSet/foo-bar",
  "version" : "0.0.0",
  "name" : "FooBar",
  "title" : "Foo Bar Test Value Set",
  "status" : "active",
  "experimental" : true,
  "date" : "2024-07-25",
  "publisher" : "Health eData Inc",
  "contact" : [{
    "telecom" : [{
      "system" : "email",
      "value" : "mailto:ehaas@healthedatainc.com"
    }]
  }],
  "description" : "Foo Bar Test ValueSet",
  "copyright" : "All rights reserved ... Don't mess with Greatness!!!",
  "compose" : {
    "include" : [{
      "system" : "http://www.fhir.org/guides/uscdi5-sandbox/CodeSystem/foo-bar",
      "concept" : [{
        "code" : "foo"
      },
      {
        "code" : "bar"
      }]
    }]
  }
}